id,x,y,date,time
220,595973,5805953,11/3/2004,14:00
220,595993,5805938,11/3/2004,18:01
220,596003,5805935,11/3/2004,20:00
220,595756,5805939,11/3/2004,22:01
220,593854,5806080,11/4/2004,0:01
220,591762,5804903,11/4/2004,2:00
220,591585,5805510,11/4/2004,4:00
220,591716,5805246,11/4/2004,6:01
220,593016,5804183,11/4/2004,8:01
220,595987,5805990,11/4/2004,12:01
220,595939,5806070,11/4/2004,14:01
220,595950,5805981,11/4/2004,16:01
220,596049,5805905,11/4/2004,18:00
220,595999,5805926,11/4/2004,20:01
220,595996,5805911,11/4/2004,22:01
220,595977,5805947,11/5/2004,0:01
220,595640,5805990,11/5/2004,2:01
220,591869,5804643,11/5/2004,4:01
220,588715,5803932,11/5/2004,6:00
220,583915,5804985,11/5/2004,8:01
220,583884,5804927,11/5/2004,12:01
220,583867,5805057,11/5/2004,14:01
220,583931,5805063,11/5/2004,16:01
220,583922,5805022,11/5/2004,18:01
220,583919,5805016,11/5/2004,20:00
220,583918,5805027,11/5/2004,22:01
220,582806,5805688,11/6/2004,0:01
220,581080,5806857,11/6/2004,2:00
220,579986,5810153,11/6/2004,4:01
220,585186,5810247,11/6/2004,6:01
220,586158,5806864,11/6/2004,8:00
220,586739,5806483,11/6/2004,10:00
220,586722,5806497,11/6/2004,12:01
220,586732,5806495,11/6/2004,14:00
220,584815,5805032,11/6/2004,16:00
220,587618,5794803,11/6/2004,20:01
220,594898,5791850,11/6/2004,22:00
220,596250,5793502,11/7/2004,0:00
220,596260,5793496,11/7/2004,2:00
220,596240,5793517,11/7/2004,4:00
220,596245,5793540,11/7/2004,6:00
220,600044,5799737,11/7/2004,10:02
220,599130,5799958,11/7/2004,12:00
220,599134,5799975,11/7/2004,14:00
220,599135,5800050,11/7/2004,16:01
220,598995,5799958,11/7/2004,18:01
220,603723,5802021,11/7/2004,20:00
220,603132,5801909,11/7/2004,22:00
220,605630,5802866,11/8/2004,0:01
220,602965,5807886,11/8/2004,2:00
220,600114,5807511,11/8/2004,4:00
220,594898,5806442,11/8/2004,6:01
220,595005,5805687,11/8/2004,8:00
220,596542,5804882,11/8/2004,12:01
220,595759,5805907,11/8/2004,14:00
220,595885,5805978,11/8/2004,16:01
220,596016,5805933,11/8/2004,18:00
220,596035,5805934,11/8/2004,20:00
220,595938,5805759,11/8/2004,22:01
220,591634,5805566,11/9/2004,0:01
220,591778,5805421,11/9/2004,2:00
220,591773,5805458,11/9/2004,4:00
220,591916,5805086,11/9/2004,6:00
220,591933,5804572,11/9/2004,8:00
220,592331,5803427,11/9/2004,10:00
220,592381,5803342,11/9/2004,12:01
220,592441,5803235,11/9/2004,16:01
220,591869,5804677,11/9/2004,20:01
220,591801,5805198,11/9/2004,22:00
220,591627,5805538,11/10/2004,0:00
220,591842,5805181,11/10/2004,2:00
220,591837,5805200,11/10/2004,4:00
220,591846,5805137,11/10/2004,6:00
220,591930,5804425,11/10/2004,8:01
220,592320,5803414,11/10/2004,10:00
220,592416,5803417,11/10/2004,12:00
220,592412,5803463,11/10/2004,14:01
220,592416,5803426,11/10/2004,16:00
220,592436,5803443,11/10/2004,18:00
220,592412,5803433,11/10/2004,20:01
220,592968,5800238,11/10/2004,22:00
220,594073,5797970,11/11/2004,0:01
220,594122,5797039,11/11/2004,2:00
220,595786,5795385,11/11/2004,4:00
220,598045,5793705,11/11/2004,6:00
220,600534,5794756,11/11/2004,8:01
220,600880,5795979,11/11/2004,10:01
220,600161,5796424,11/11/2004,12:00
220,598311,5795516,11/11/2004,14:00
220,598312,5795513,11/11/2004,16:00
220,598473,5795503,11/11/2004,18:00
220,598470,5795519,11/11/2004,20:00
220,601133,5796117,11/11/2004,22:01
220,601108,5796100,11/12/2004,0:00
220,601125,5796107,11/12/2004,2:01
220,601124,5796092,11/12/2004,4:01
220,600486,5796787,11/12/2004,6:00
220,598888,5795696,11/12/2004,8:01
220,594874,5795062,11/12/2004,10:01
220,594835,5795036,11/12/2004,12:01
220,594843,5795022,11/12/2004,14:00
220,594813,5794956,11/12/2004,16:01
220,594857,5795030,11/12/2004,18:00
220,593690,5795406,11/12/2004,20:01
220,590255,5797486,11/12/2004,22:01
220,586304,5797422,11/13/2004,0:00
220,586211,5797404,11/13/2004,2:00
220,587712,5802705,11/13/2004,8:01
220,587385,5802936,11/13/2004,10:00
220,586204,5803851,11/13/2004,12:00
220,586248,5803952,11/13/2004,14:01
220,586257,5803806,11/13/2004,16:00
220,586211,5803839,11/13/2004,18:01
220,586208,5803834,11/13/2004,20:00
220,587297,5806713,11/14/2004,0:01
220,587429,5806746,11/14/2004,2:00
220,588807,5808701,11/14/2004,4:01
220,594168,5807386,11/14/2004,6:01
220,597549,5808009,11/14/2004,8:00
220,597807,5807520,11/14/2004,10:01
220,597773,5807698,11/14/2004,14:01
220,597801,5807693,11/14/2004,16:01
220,597780,5807698,11/14/2004,18:00
220,597787,5807719,11/14/2004,20:01
220,597777,5807708,11/14/2004,22:01
220,600102,5808150,11/15/2004,0:01
220,602889,5807725,11/15/2004,2:01
220,602885,5807724,11/15/2004,4:00
220,603073,5806690,11/15/2004,8:00
220,595996,5804673,11/15/2004,14:01
220,596832,5805083,11/15/2004,16:00
220,596827,5805086,11/15/2004,18:01
220,596838,5805073,11/15/2004,20:00
220,596849,5805253,11/15/2004,22:00
220,597197,5806887,11/16/2004,0:01
220,597024,5809416,11/16/2004,2:01
220,595063,5811036,11/16/2004,4:01
220,594442,5810804,11/16/2004,6:00
220,595141,5810227,11/16/2004,8:00
220,595115,5810209,11/16/2004,10:00
220,595640,5809762,11/16/2004,12:01
220,595768,5809351,11/16/2004,14:01
220,595700,5809544,11/16/2004,16:01
220,595835,5809854,11/16/2004,18:00
220,595200,5811049,11/16/2004,20:00
220,595189,5811042,11/16/2004,22:00
220,594222,5811182,11/17/2004,0:00
220,594198,5811281,11/17/2004,2:01
220,594202,5811286,11/17/2004,4:00
220,593871,5811647,11/17/2004,6:01
220,591814,5806359,11/17/2004,10:01
220,592531,5806712,11/17/2004,12:01
220,592586,5806636,11/17/2004,14:01
220,592434,5806865,11/17/2004,16:00
220,592617,5806245,11/17/2004,18:01
220,589239,5802937,11/17/2004,20:01
220,588020,5802413,11/17/2004,22:00
220,588024,5802409,11/18/2004,0:00
220,588834,5803902,11/18/2004,2:00
220,590819,5804476,11/18/2004,4:01
220,590824,5804455,11/18/2004,6:00
220,590339,5802470,11/18/2004,8:01
220,588572,5798476,11/18/2004,10:00
220,588530,5799125,11/18/2004,12:00
220,588547,5799102,11/18/2004,14:00
220,588561,5799148,11/18/2004,16:00
220,588533,5799144,11/18/2004,18:01
220,588527,5799128,11/18/2004,20:00
220,586302,5797422,11/18/2004,22:01
220,586273,5797448,11/19/2004,0:00
220,585888,5796659,11/19/2004,2:00
220,586299,5797422,11/19/2004,4:01
220,586248,5797434,11/19/2004,6:01
220,584962,5800646,11/19/2004,8:02
220,585700,5803229,11/19/2004,10:00
220,585287,5803497,11/19/2004,12:00
220,583168,5805841,11/19/2004,14:00
220,584236,5806012,11/19/2004,16:00
220,584239,5806014,11/19/2004,18:00
220,584234,5806023,11/19/2004,20:00
220,584292,5805962,11/19/2004,22:00
220,584368,5805985,11/20/2004,0:00
220,584138,5806579,11/20/2004,2:01
220,583641,5807804,11/20/2004,6:00
220,588480,5806089,11/20/2004,10:01
220,588611,5804583,11/20/2004,12:01
220,588598,5803244,11/20/2004,14:01
220,591136,5801175,11/20/2004,16:02
220,593176,5804679,11/20/2004,18:00
220,592121,5804415,11/20/2004,20:01
220,588898,5802837,11/20/2004,22:00
220,589160,5801604,11/21/2004,0:01
220,589166,5801538,11/21/2004,2:00
220,589147,5801545,11/21/2004,4:01
220,589148,5801546,11/21/2004,6:00
220,589151,5801552,11/21/2004,8:01
220,587759,5800824,11/21/2004,12:01
220,588683,5800387,11/21/2004,14:01
220,588603,5800539,11/21/2004,16:01
220,588635,5800507,11/21/2004,18:01
220,588650,5800108,11/21/2004,20:00
220,588848,5802055,11/21/2004,22:00
220,588582,5800550,11/22/2004,0:01
220,588463,5800552,11/22/2004,2:01
220,588627,5800456,11/22/2004,4:00
220,588588,5800503,11/22/2004,6:02
220,588598,5800530,11/22/2004,8:01
220,588613,5800507,11/22/2004,10:00
220,588608,5800514,11/22/2004,12:00
220,588644,5800444,11/22/2004,14:00
220,588658,5800431,11/22/2004,16:01
220,588618,5800523,11/22/2004,18:00
220,588606,5800518,11/22/2004,20:00
220,597226,5802151,11/23/2004,0:01
220,601921,5803901,11/23/2004,2:01
220,601922,5803893,11/23/2004,4:00
220,601915,5803904,11/23/2004,6:01
220,601913,5803785,11/23/2004,8:01
220,601998,5803486,11/23/2004,10:00
220,601639,5803158,11/23/2004,12:00
220,601629,5803148,11/23/2004,14:01
220,601588,5803160,11/23/2004,16:01
220,601554,5803082,11/23/2004,18:00
220,604173,5801399,11/23/2004,20:00
220,604341,5806435,11/23/2004,22:01
220,600464,5807204,11/24/2004,0:00
220,598341,5808550,11/24/2004,2:01
220,597761,5810269,11/24/2004,4:01
220,599083,5806976,11/24/2004,6:01
220,598707,5806643,11/24/2004,8:01
220,596094,5806695,11/24/2004,14:00
220,596099,5806707,11/24/2004,16:00
220,596130,5806678,11/24/2004,18:01
220,596107,5806703,11/24/2004,20:00
220,595433,5807210,11/24/2004,22:01
220,595892,5810437,11/25/2004,0:00
220,591307,5810494,11/25/2004,2:00
220,586704,5810046,11/25/2004,6:00
220,586519,5809395,11/25/2004,8:01
220,584345,5805526,11/25/2004,10:01
220,582852,5805550,11/25/2004,12:00
220,582725,5805675,11/25/2004,14:00
220,582694,5805721,11/25/2004,16:01
220,582706,5805668,11/25/2004,18:01
220,582557,5805815,11/25/2004,20:00
220,582635,5805692,11/25/2004,22:00
220,582636,5805687,11/26/2004,0:01
220,582652,5805687,11/26/2004,2:01
220,584543,5805966,11/26/2004,4:01
220,584606,5805888,11/26/2004,6:00
220,585808,5802855,11/26/2004,8:01
220,585829,5802807,11/26/2004,10:01
220,585823,5802806,11/26/2004,12:00
220,585830,5802825,11/26/2004,14:00
220,585831,5802807,11/26/2004,16:00
220,585841,5802794,11/26/2004,18:00
220,585833,5802814,11/26/2004,20:00
220,590119,5803405,11/26/2004,22:02
220,591319,5805126,11/27/2004,0:00
220,591625,5805555,11/27/2004,2:00
220,591954,5807562,11/27/2004,4:00
220,591175,5807237,11/27/2004,6:00
220,591876,5807085,11/27/2004,8:00
220,592040,5804372,11/27/2004,10:01
220,591506,5802495,11/27/2004,12:00
220,591304,5802972,11/27/2004,14:01
220,591356,5802911,11/27/2004,16:00
220,591321,5802953,11/27/2004,18:00
220,592064,5807465,11/27/2004,20:01
220,591968,5807548,11/27/2004,22:01
220,591978,5807554,11/28/2004,0:00
220,589357,5807268,11/28/2004,2:00
220,588057,5807179,11/28/2004,4:01
220,587457,5807256,11/28/2004,6:00
220,587592,5807176,11/28/2004,8:00
220,585537,5807552,11/28/2004,12:00
220,586547,5807388,11/28/2004,14:00
220,586552,5807397,11/28/2004,16:01
220,586551,5807405,11/28/2004,18:00
220,586252,5807393,11/28/2004,20:00
220,585079,5808631,11/28/2004,22:00
220,584439,5809807,11/29/2004,0:00
220,583843,5809956,11/29/2004,2:01
220,585892,5802727,11/29/2004,8:01
220,585985,5802723,11/29/2004,10:01
220,585844,5802795,11/29/2004,12:00
220,584451,5800887,11/29/2004,14:00
220,585426,5800050,11/29/2004,16:01
220,585440,5800038,11/29/2004,18:01
220,585517,5798827,11/29/2004,22:00
220,589058,5801376,11/30/2004,2:00
220,589663,5801669,11/30/2004,4:01
220,589669,5801709,11/30/2004,6:00
220,590083,5801302,11/30/2004,8:01
220,590105,5801321,11/30/2004,10:00
220,590083,5801298,11/30/2004,12:00
220,589893,5801356,11/30/2004,14:01
220,589467,5801021,11/30/2004,16:01
220,589585,5800924,11/30/2004,18:01
220,589588,5800898,11/30/2004,20:00
220,589589,5800901,11/30/2004,22:00
220,591270,5800599,12/1/2004,0:00
220,591287,5800600,12/1/2004,2:01
220,591267,5800609,12/1/2004,4:00
220,591277,5800591,12/1/2004,6:01
220,591148,5800649,12/1/2004,8:00
220,589766,5800740,12/1/2004,12:01
220,589604,5800849,12/1/2004,16:00
220,591320,5800556,12/1/2004,18:01
220,591239,5800619,12/1/2004,20:00
220,591281,5800599,12/1/2004,22:00
220,591255,5800665,12/2/2004,0:01
220,591358,5800867,12/2/2004,2:01
220,590810,5801162,12/2/2004,4:00
220,591292,5800623,12/2/2004,6:00
220,589350,5800250,12/2/2004,10:01
220,589083,5800509,12/2/2004,12:01
220,589419,5800465,12/2/2004,14:01
220,589401,5800526,12/2/2004,16:00
220,589398,5800547,12/2/2004,18:00
220,589401,5800529,12/2/2004,20:01
220,591290,5800630,12/3/2004,0:01
220,591307,5800554,12/3/2004,2:01
220,591718,5800637,12/3/2004,4:01
220,591118,5800643,12/3/2004,6:00
220,589084,5800548,12/3/2004,12:01
220,588873,5800452,12/3/2004,16:01
220,589099,5800676,12/3/2004,18:00
220,591283,5804481,12/3/2004,20:01
220,590960,5805034,12/3/2004,22:01
220,591616,5805798,12/4/2004,0:00
220,594440,5807681,12/4/2004,2:00
220,603630,5808138,12/4/2004,4:01
220,602955,5804876,12/4/2004,6:01
220,600998,5802927,12/4/2004,8:01
220,598311,5803471,12/4/2004,12:01
220,598336,5803507,12/4/2004,16:00
220,598339,5803513,12/4/2004,18:00
220,598332,5803526,12/4/2004,20:01
220,598329,5803566,12/4/2004,22:00
220,600656,5800416,12/5/2004,0:01
220,601716,5800348,12/5/2004,2:01
220,601579,5800254,12/5/2004,4:01
220,601574,5800204,12/5/2004,6:01
220,601397,5800408,12/5/2004,8:00
220,601371,5800345,12/5/2004,10:01
220,601582,5800247,12/5/2004,12:00
220,601538,5800251,12/5/2004,14:01
220,601552,5800427,12/5/2004,16:00
220,601546,5800256,12/5/2004,18:00
220,601533,5800298,12/5/2004,20:00
220,602975,5799579,12/5/2004,22:00
220,603249,5799572,12/6/2004,0:01
220,603580,5803941,12/6/2004,2:02
220,601838,5805030,12/6/2004,4:01
220,601167,5806173,12/6/2004,6:01
220,601140,5806230,12/6/2004,8:00
220,601150,5806246,12/6/2004,10:00
220,601143,5806241,12/6/2004,12:00
220,601142,5806241,12/6/2004,14:00
220,601099,5806274,12/6/2004,16:01
220,601138,5806234,12/6/2004,18:00
220,601171,5806196,12/6/2004,20:00
220,601193,5806210,12/6/2004,22:00
220,601169,5806185,12/7/2004,0:00
220,601137,5806235,12/7/2004,2:00
220,602283,5806847,12/7/2004,4:01
220,602757,5808132,12/7/2004,6:00
220,597602,5810753,12/7/2004,8:01
220,598106,5810503,12/7/2004,10:00
220,597848,5810525,12/7/2004,12:00
220,596968,5809982,12/7/2004,14:00
220,595100,5809665,12/7/2004,16:00
220,590824,5808386,12/7/2004,18:01
220,593984,5808719,12/7/2004,20:00
220,593994,5808715,12/7/2004,22:00
220,593439,5807790,12/8/2004,0:01
220,593443,5807777,12/8/2004,2:00
220,593444,5807828,12/8/2004,4:01
220,593439,5807796,12/8/2004,6:01
220,593674,5807645,12/8/2004,8:01
220,595144,5806320,12/8/2004,12:00
220,595083,5806091,12/8/2004,14:00
220,595144,5806337,12/8/2004,16:00
220,595138,5806313,12/8/2004,18:00
220,592313,5805072,12/8/2004,20:01
220,591699,5805102,12/8/2004,22:00
220,591702,5805098,12/9/2004,0:01
220,591727,5805039,12/9/2004,2:00
220,588688,5806269,12/9/2004,4:01
220,586671,5805775,12/9/2004,6:01
220,586713,5805928,12/9/2004,8:00
220,583628,5805618,12/9/2004,10:01
220,584872,5805518,12/9/2004,12:00
220,584869,5805537,12/9/2004,14:00
220,584872,5805516,12/9/2004,16:01
220,586435,5807362,12/9/2004,18:00
220,588191,5810782,12/9/2004,20:01
220,588191,5810429,12/9/2004,22:01
220,588422,5807764,12/10/2004,0:00
220,586259,5807443,12/10/2004,2:01
220,586257,5807391,12/10/2004,4:00
220,586260,5807389,12/10/2004,6:00
220,586255,5807389,12/10/2004,8:00
220,582692,5806618,12/10/2004,10:01
220,580413,5805352,12/10/2004,12:00
220,582355,5804978,12/10/2004,14:00
220,582366,5804986,12/10/2004,16:00
220,582360,5804978,12/10/2004,18:01
220,582339,5804935,12/10/2004,20:01
220,582349,5804940,12/10/2004,22:00
220,582331,5804994,12/11/2004,0:00
220,582687,5811462,12/11/2004,4:01
220,587520,5811567,12/11/2004,6:01
220,587393,5806753,12/11/2004,10:00
220,587422,5806624,12/11/2004,12:00
220,587146,5806248,12/11/2004,14:01
220,586712,5805592,12/11/2004,16:00
220,587314,5803973,12/11/2004,18:01
220,587367,5804439,12/11/2004,20:00
220,587372,5804441,12/11/2004,22:00
220,587361,5804425,12/12/2004,0:00
220,592470,5799615,12/12/2004,2:01
220,596036,5795709,12/12/2004,4:01
220,596092,5795330,12/12/2004,6:01
220,596097,5795316,12/12/2004,8:00
220,594794,5794576,12/12/2004,10:01
220,594953,5794430,12/12/2004,12:00
220,594955,5794440,12/12/2004,14:00
220,595191,5794634,12/12/2004,16:01
220,596024,5795280,12/12/2004,18:00
220,596027,5795287,12/12/2004,20:01
220,596041,5795293,12/12/2004,22:01
220,596040,5795284,12/13/2004,0:00
220,596625,5795088,12/13/2004,2:00
220,602494,5795909,12/13/2004,4:01
220,598968,5797855,12/13/2004,6:01
220,599198,5797610,12/13/2004,8:00
220,597186,5801593,12/13/2004,10:00
220,599283,5799910,12/13/2004,12:00
220,599120,5800047,12/13/2004,14:01
220,599191,5799952,12/13/2004,16:00
220,599309,5799162,12/13/2004,18:00
220,599361,5799223,12/13/2004,20:00
220,599352,5799615,12/13/2004,22:00
220,599353,5799602,12/14/2004,0:00
220,599337,5799618,12/14/2004,2:00
220,599263,5799198,12/14/2004,4:00
220,598542,5797667,12/14/2004,6:00
220,598491,5797706,12/14/2004,8:01
220,596245,5803614,12/14/2004,10:00
220,596253,5803618,12/14/2004,12:00
220,596248,5803611,12/14/2004,14:00
220,596242,5803633,12/14/2004,16:00
220,596318,5803626,12/14/2004,18:00
220,599335,5799217,12/14/2004,20:01
220,599328,5799576,12/14/2004,22:00
220,599302,5799607,12/15/2004,0:00
220,599658,5799109,12/15/2004,2:01
220,599705,5799470,12/15/2004,4:00
220,600026,5799848,12/15/2004,6:01
220,595304,5805801,12/15/2004,10:00
220,595307,5805833,12/15/2004,12:00
220,595301,5805820,12/15/2004,14:00
220,595305,5805840,12/15/2004,16:01
220,598813,5800927,12/15/2004,18:00
220,599296,5799168,12/15/2004,20:00
220,599096,5798100,12/15/2004,22:00
220,599366,5797643,12/16/2004,0:00
220,599232,5797791,12/16/2004,2:01
220,599151,5797682,12/16/2004,6:01
220,600610,5795207,12/16/2004,8:01
220,597990,5797493,12/16/2004,10:00
220,595508,5801370,12/16/2004,12:00
220,595504,5801359,12/16/2004,14:00
220,595510,5801363,12/16/2004,16:00
220,595499,5801365,12/16/2004,18:00
220,595512,5801375,12/16/2004,20:00
220,594620,5802576,12/16/2004,22:01
220,591086,5805243,12/17/2004,0:01
220,591075,5805213,12/17/2004,2:00
220,591098,5805245,12/17/2004,4:01
220,591090,5805241,12/17/2004,6:00
220,581459,5803185,12/17/2004,12:00
220,584861,5803186,12/17/2004,14:01
220,584841,5803143,12/17/2004,16:01
220,584827,5803148,12/17/2004,18:01
220,584828,5803147,12/17/2004,20:01
220,585641,5803887,12/17/2004,22:01
220,589956,5808556,12/18/2004,0:01
220,595224,5811112,12/18/2004,2:01
220,598641,5810705,12/18/2004,6:00
220,598409,5810663,12/18/2004,8:00
220,597454,5806933,12/18/2004,10:00
220,594729,5806322,12/18/2004,14:01
220,594755,5806323,12/18/2004,18:01
220,594758,5806332,12/18/2004,20:01
220,591753,5805062,12/18/2004,22:00
220,591756,5805055,12/19/2004,0:00
220,591852,5805013,12/19/2004,2:01
220,591871,5804966,12/19/2004,4:01
220,591871,5804965,12/19/2004,6:00
220,591042,5803703,12/19/2004,8:00
220,588764,5802165,12/19/2004,10:01
220,588310,5801831,12/19/2004,12:00
220,588314,5801836,12/19/2004,16:01
220,588365,5801830,12/19/2004,18:01
220,588313,5801831,12/19/2004,20:00
220,589252,5810646,12/20/2004,2:00
220,589227,5810629,12/20/2004,4:01
220,590336,5811338,12/20/2004,6:01
220,595367,5810984,12/20/2004,8:00
220,597313,5808925,12/20/2004,10:01
220,597780,5808586,12/20/2004,12:00
220,597777,5808570,12/20/2004,14:00
220,597783,5808572,12/20/2004,16:01
220,602978,5807882,12/20/2004,18:00
220,605419,5805635,12/20/2004,20:00
220,600684,5799866,12/20/2004,22:00
220,599233,5797715,12/21/2004,0:01
220,599243,5797693,12/21/2004,2:01
220,599115,5797637,12/21/2004,4:00
220,599151,5797671,12/21/2004,6:00
220,599228,5797700,12/21/2004,8:00
220,595550,5795859,12/21/2004,10:01
220,595278,5796090,12/21/2004,12:00
220,595418,5796030,12/21/2004,14:00
220,595433,5796007,12/21/2004,16:00
220,595386,5796053,12/21/2004,18:00
220,596468,5795264,12/21/2004,20:01
220,598243,5796415,12/21/2004,22:00
220,599249,5797678,12/22/2004,0:01
220,599270,5797688,12/22/2004,2:01
220,599228,5797707,12/22/2004,4:00
220,598767,5797695,12/22/2004,8:00
220,598564,5800631,12/22/2004,10:01
220,597670,5801026,12/22/2004,12:00
220,597788,5801151,12/22/2004,14:01
220,597784,5801161,12/22/2004,16:00
220,598110,5800169,12/22/2004,18:01
220,599260,5799138,12/22/2004,20:01
220,600501,5800089,12/22/2004,22:00
220,601510,5802866,12/23/2004,0:01
220,598961,5806131,12/23/2004,2:01
220,602089,5803629,12/23/2004,4:01
220,602093,5803606,12/23/2004,8:00
220,601927,5803888,12/23/2004,10:01
220,594337,5809183,12/23/2004,16:00
220,594351,5809152,12/23/2004,18:00
220,594348,5809138,12/23/2004,20:00
220,594336,5809139,12/23/2004,22:00
220,590449,5808336,12/24/2004,0:00
220,587674,5809670,12/24/2004,4:01
220,587691,5809657,12/24/2004,6:01
220,587684,5809660,12/24/2004,8:01
220,585397,5807854,12/24/2004,10:00
220,585536,5807477,12/24/2004,12:00
220,585537,5807472,12/24/2004,14:00
220,585536,5807477,12/24/2004,16:00
220,585545,5807472,12/24/2004,18:00
220,585525,5807470,12/24/2004,20:00
220,585532,5807476,12/24/2004,22:01
220,582502,5806092,12/25/2004,0:00
220,580405,5808650,12/25/2004,2:01
220,585414,5811719,12/25/2004,4:01
220,590218,5806614,12/25/2004,6:01
220,589931,5806570,12/25/2004,8:00
220,591632,5804924,12/25/2004,10:00
220,591641,5804924,12/25/2004,12:00
220,591616,5804960,12/25/2004,14:01
220,591614,5804967,12/25/2004,16:00
220,591609,5804965,12/25/2004,18:00
220,591607,5804993,12/25/2004,20:00
220,592154,5806157,12/25/2004,22:00
220,596481,5809482,12/26/2004,0:01
220,599357,5811803,12/26/2004,2:00
220,599363,5811821,12/26/2004,4:00
220,599361,5811819,12/26/2004,8:01
220,598908,5810234,12/26/2004,10:00
220,598874,5810323,12/26/2004,12:00
220,598920,5810249,12/26/2004,14:00
220,599359,5808983,12/26/2004,16:01
220,602801,5807867,12/26/2004,18:00
220,602952,5807895,12/26/2004,20:00
220,602954,5807881,12/26/2004,22:00
220,601130,5798471,12/27/2004,2:01
220,603578,5798230,12/27/2004,4:00
220,602392,5799045,12/27/2004,6:01
220,602438,5799026,12/27/2004,8:00
220,601430,5800602,12/27/2004,10:00
220,601435,5800596,12/27/2004,12:00
220,601437,5800560,12/27/2004,14:01
220,601445,5800569,12/27/2004,16:00
220,602536,5799198,12/27/2004,18:00
220,602428,5799046,12/27/2004,20:00
220,602443,5799015,12/27/2004,22:00
220,602421,5799048,12/28/2004,0:01
220,602426,5799041,12/28/2004,2:00
220,602425,5799073,12/28/2004,4:00
220,602456,5799020,12/28/2004,6:00
220,602355,5799188,12/28/2004,8:00
220,599729,5802138,12/28/2004,10:00
220,598294,5803279,12/28/2004,12:00
220,598228,5803235,12/28/2004,14:00
220,599803,5801372,12/28/2004,16:00
220,599635,5800309,12/28/2004,18:00
220,599655,5800268,12/28/2004,20:00
220,599642,5800273,12/28/2004,22:00
220,599640,5800274,12/29/2004,0:00
220,597585,5799814,12/29/2004,2:01
220,592697,5800218,12/29/2004,4:01
220,591116,5800450,12/29/2004,6:01
220,591114,5800471,12/29/2004,8:00
220,589924,5801347,12/29/2004,10:00
220,589147,5801893,12/29/2004,12:00
220,589150,5801897,12/29/2004,14:00
220,587989,5803570,12/29/2004,16:01
220,588008,5803551,12/29/2004,18:00
220,588007,5803575,12/29/2004,20:00
220,588017,5803577,12/29/2004,22:00
220,587701,5808001,12/30/2004,0:01
220,583858,5810259,12/30/2004,2:01
220,582685,5810415,12/30/2004,4:01
220,582736,5810478,12/30/2004,6:01
220,582696,5810467,12/30/2004,8:00
220,581246,5808992,12/30/2004,12:01
220,581242,5808992,12/30/2004,14:00
220,581308,5808890,12/30/2004,16:00
220,582643,5810436,12/30/2004,20:01
220,582739,5810480,12/30/2004,22:00
220,582751,5810460,12/31/2004,0:00
220,582727,5810471,12/31/2004,2:00
220,584981,5811183,12/31/2004,4:01
220,585071,5811064,12/31/2004,6:00
220,586486,5810914,12/31/2004,8:00
220,587327,5809870,12/31/2004,10:01
220,587273,5809715,12/31/2004,14:01
220,587263,5809773,12/31/2004,16:00
220,587305,5809704,12/31/2004,18:00
220,587287,5809722,12/31/2004,20:00
220,587283,5809730,12/31/2004,22:00
220,587285,5809728,1/1/2005,0:00
220,587285,5809724,1/1/2005,2:00
220,587287,5809726,1/1/2005,4:00
220,588619,5808272,1/1/2005,6:01
220,589023,5807862,1/1/2005,8:00
220,587906,5804642,1/1/2005,10:00
220,586609,5800112,1/1/2005,12:00
220,585363,5797894,1/1/2005,14:00
220,585286,5793451,1/1/2005,16:01
220,591127,5789770,1/1/2005,18:01
220,594230,5792962,1/1/2005,20:00
220,594232,5792955,1/1/2005,22:00
220,594236,5792978,1/2/2005,0:01
220,594236,5792984,1/2/2005,2:00
220,598520,5795778,1/2/2005,6:01
220,598523,5795774,1/2/2005,8:00
220,598513,5795775,1/2/2005,10:00
220,599820,5799281,1/2/2005,14:02
220,600586,5800601,1/2/2005,16:01
220,601989,5801370,1/2/2005,20:00
220,601973,5801386,1/2/2005,22:00
220,601962,5801379,1/3/2005,0:00
220,601965,5801397,1/3/2005,2:00
220,602193,5801604,1/3/2005,4:00
220,606332,5803054,1/3/2005,6:00
220,599056,5806053,1/3/2005,10:00
220,597877,5806056,1/3/2005,12:01
220,596924,5805530,1/3/2005,14:01
220,595557,5805585,1/3/2005,16:00
220,594918,5805708,1/3/2005,18:01
220,594540,5805313,1/3/2005,20:00
220,594554,5805298,1/3/2005,22:00
220,594540,5805300,1/4/2005,0:00
220,594533,5805306,1/4/2005,2:00
220,594663,5805855,1/4/2005,4:01
220,594672,5805873,1/4/2005,6:01
220,594654,5805845,1/4/2005,8:00
220,594802,5805920,1/4/2005,10:00
220,597686,5807249,1/4/2005,14:00
220,597229,5807694,1/4/2005,16:00
220,595422,5807864,1/4/2005,20:02
220,595457,5807896,1/4/2005,22:00
220,595467,5807938,1/5/2005,0:00
220,595363,5807877,1/5/2005,4:01
220,595385,5807870,1/5/2005,6:00
220,595365,5807868,1/5/2005,8:00
220,596053,5808661,1/5/2005,10:00
220,596051,5808663,1/5/2005,12:00
220,595877,5810061,1/5/2005,14:01
220,593065,5810411,1/5/2005,16:00
220,586388,5810760,1/5/2005,18:00
220,582875,5811157,1/5/2005,20:00
220,582682,5810469,1/5/2005,22:01
220,582903,5810316,1/6/2005,0:01
220,582891,5810318,1/6/2005,2:00
220,582888,5810310,1/6/2005,4:01
220,582890,5810314,1/6/2005,6:00
220,582888,5810318,1/6/2005,8:00
220,585603,5804268,1/6/2005,12:01
220,589016,5802662,1/6/2005,16:00
220,589546,5800721,1/6/2005,18:01
220,591570,5798655,1/6/2005,20:00
220,591598,5798648,1/6/2005,22:00
220,591584,5798663,1/7/2005,0:00
220,591585,5798644,1/7/2005,2:00
220,591590,5798662,1/7/2005,4:00
220,591581,5798653,1/7/2005,6:00
220,590053,5797728,1/7/2005,8:01
220,589191,5799577,1/7/2005,10:00
220,590030,5803868,1/7/2005,12:00
220,589341,5800869,1/7/2005,14:01
220,590426,5799589,1/7/2005,16:00
220,589259,5799533,1/7/2005,18:00
220,589323,5799613,1/7/2005,20:00
220,589482,5799629,1/7/2005,22:01
220,589335,5799623,1/8/2005,0:00
220,589940,5799995,1/8/2005,2:01
220,589975,5799884,1/8/2005,4:00
220,589971,5799871,1/8/2005,6:00
220,590013,5799919,1/8/2005,8:00
220,590023,5799965,1/8/2005,10:00
220,590424,5799580,1/8/2005,12:00
220,591846,5798904,1/8/2005,14:01
220,591305,5794894,1/8/2005,16:01
220,594881,5793130,1/8/2005,18:01
220,598735,5793799,1/8/2005,20:00
220,601402,5795945,1/8/2005,22:01
220,602122,5797448,1/9/2005,0:01
220,602347,5797727,1/9/2005,2:00
220,602337,5797737,1/9/2005,4:01
220,602365,5797748,1/9/2005,6:00
220,602341,5797752,1/9/2005,8:00
220,599463,5800147,1/9/2005,12:01
220,598704,5800312,1/9/2005,14:00
220,599655,5799244,1/9/2005,16:00
220,599652,5799232,1/9/2005,18:00
220,598759,5799303,1/9/2005,20:00
220,599487,5799256,1/9/2005,22:00
220,599627,5799241,1/10/2005,0:01
220,599381,5799327,1/10/2005,2:01
220,598061,5800581,1/10/2005,4:01
220,599808,5800257,1/10/2005,6:00
220,599811,5800264,1/10/2005,8:00
220,599730,5800555,1/10/2005,10:00
220,599730,5800568,1/10/2005,12:00
220,599732,5800570,1/10/2005,14:00
220,599743,5800548,1/10/2005,16:01
220,599940,5800771,1/10/2005,18:01
220,601818,5804379,1/10/2005,20:01
220,602310,5804691,1/10/2005,22:01
220,602566,5808162,1/11/2005,4:00
220,599291,5810255,1/11/2005,6:00
220,597463,5809878,1/11/2005,8:00
220,598067,5810134,1/11/2005,10:00
220,597359,5811085,1/11/2005,12:00
220,595661,5811753,1/11/2005,14:01
220,595602,5811702,1/11/2005,16:00
220,595601,5811650,1/11/2005,18:00
220,595596,5811674,1/11/2005,20:00
220,595608,5811686,1/11/2005,22:01
220,595594,5811645,1/12/2005,0:00
220,595601,5811643,1/12/2005,2:01
220,595596,5811670,1/12/2005,4:00
220,595593,5811666,1/12/2005,6:00
220,595612,5811657,1/12/2005,8:00
220,595596,5811667,1/12/2005,10:00
220,595602,5811679,1/12/2005,12:00
220,594305,5810961,1/12/2005,14:01
220,587361,5811721,1/12/2005,16:00
220,584352,5810562,1/12/2005,18:00
220,584376,5810547,1/12/2005,20:00
220,584383,5810559,1/12/2005,22:01
220,584383,5810560,1/13/2005,0:00
220,582483,5810004,1/13/2005,4:01
220,581075,5807118,1/13/2005,6:00
220,581410,5807163,1/13/2005,8:00
220,582240,5807440,1/13/2005,10:01
220,582444,5804186,1/13/2005,12:00
220,582977,5803783,1/13/2005,14:01
220,586854,5804354,1/13/2005,16:00
220,591462,5800923,1/13/2005,18:00
220,591669,5800842,1/13/2005,20:00
220,590555,5799845,1/13/2005,22:01
220,590084,5799848,1/14/2005,0:00
220,590095,5799865,1/14/2005,2:00
220,590108,5799764,1/14/2005,4:00
220,590072,5799829,1/14/2005,6:00
220,590090,5799834,1/14/2005,8:00
220,590090,5799842,1/14/2005,10:00
220,589167,5797151,1/14/2005,12:01
220,586195,5796704,1/14/2005,16:00
220,586206,5796706,1/14/2005,18:00
220,588972,5795379,1/14/2005,22:01
220,591098,5795210,1/15/2005,0:01
220,591087,5795237,1/15/2005,2:01
220,591096,5795215,1/15/2005,4:01
220,591052,5795192,1/15/2005,6:01
220,591496,5796216,1/15/2005,8:00
220,591468,5795599,1/15/2005,10:00
220,591647,5795450,1/15/2005,12:00
220,591639,5795435,1/15/2005,14:00
220,591284,5795268,1/15/2005,16:00
220,590979,5795237,1/15/2005,18:00
220,591129,5795247,1/15/2005,20:00
220,591743,5795746,1/15/2005,22:01
220,591557,5795631,1/16/2005,0:01
220,591561,5795628,1/16/2005,2:01
220,591737,5795742,1/16/2005,4:00
220,591730,5795739,1/16/2005,6:00
220,591722,5795743,1/16/2005,8:00
220,591301,5793835,1/16/2005,10:00
220,590059,5792599,1/16/2005,12:02
220,590122,5792259,1/16/2005,14:01
220,590135,5792459,1/16/2005,16:00
220,589884,5791948,1/16/2005,18:00
220,590240,5791145,1/16/2005,20:00
220,590233,5791119,1/16/2005,22:01
220,590214,5791127,1/17/2005,0:01
220,590224,5791129,1/17/2005,2:00
220,590228,5791182,1/17/2005,4:00
220,590236,5791176,1/17/2005,6:01
220,590099,5791131,1/17/2005,8:01
220,592206,5792135,1/17/2005,10:01
220,592680,5793213,1/17/2005,12:01
220,592766,5793250,1/17/2005,14:00
220,592605,5793265,1/17/2005,16:00
220,592625,5793238,1/17/2005,18:01
220,596865,5794479,1/17/2005,20:00
220,596848,5794427,1/17/2005,22:00
220,602230,5796110,1/18/2005,4:01
220,602378,5799130,1/18/2005,8:00
220,600399,5801042,1/18/2005,10:01
220,600371,5800994,1/18/2005,12:01
220,600386,5800933,1/18/2005,14:01
220,600325,5801024,1/18/2005,16:00
220,600359,5800998,1/18/2005,18:00
220,600355,5801016,1/18/2005,20:01
220,603766,5807557,1/19/2005,0:01
220,599192,5810343,1/19/2005,2:01
220,599075,5810390,1/19/2005,4:00
220,598869,5810388,1/19/2005,6:00
220,598859,5810327,1/19/2005,8:00
220,599216,5810239,1/19/2005,10:00
220,596985,5811678,1/19/2005,12:01
220,595138,5811097,1/19/2005,14:00
220,593019,5808344,1/19/2005,16:00
220,593178,5807213,1/19/2005,18:01
220,592934,5806170,1/19/2005,20:00
220,593481,5805838,1/19/2005,22:00
220,594343,5805180,1/20/2005,0:00
220,594351,5805196,1/20/2005,2:01
220,594350,5805150,1/20/2005,4:01
220,594351,5805199,1/20/2005,6:00
220,603122,5809128,1/20/2005,16:01
220,603266,5809266,1/20/2005,18:01
220,603069,5809259,1/20/2005,20:00
220,603051,5809293,1/20/2005,22:01
220,603049,5809290,1/21/2005,0:00
220,603051,5809296,1/21/2005,2:01
220,603047,5809275,1/21/2005,4:00
220,603052,5809268,1/21/2005,6:01
220,603050,5809274,1/21/2005,8:01
220,602631,5808805,1/21/2005,10:01
220,602528,5808939,1/21/2005,12:01
220,602518,5808920,1/21/2005,14:01
220,602478,5808921,1/21/2005,16:00
220,602816,5807555,1/21/2005,18:00
220,602785,5807576,1/21/2005,20:00
220,602796,5807574,1/21/2005,22:00
220,602785,5807633,1/22/2005,0:00
220,602760,5807629,1/22/2005,2:00
220,602741,5807630,1/22/2005,4:00
220,602776,5807576,1/22/2005,6:00
220,602553,5808171,1/22/2005,8:00
220,602610,5807754,1/22/2005,10:00
220,601104,5807281,1/22/2005,12:01
220,600933,5807014,1/22/2005,14:00
220,600921,5807036,1/22/2005,16:00
220,602789,5807572,1/22/2005,18:01
220,602754,5807596,1/22/2005,20:00
220,602780,5807583,1/22/2005,22:00
220,602719,5807539,1/23/2005,0:00
220,602784,5807583,1/23/2005,2:01
220,602792,5807624,1/23/2005,4:00
220,602771,5807635,1/23/2005,6:00
220,602785,5807664,1/23/2005,8:00
220,600882,5807172,1/23/2005,12:00
220,599757,5807525,1/23/2005,14:00
220,599760,5807577,1/23/2005,16:00
220,599824,5807623,1/23/2005,18:01
220,598362,5808596,1/23/2005,20:01
220,602785,5807611,1/24/2005,0:01
220,602754,5807616,1/24/2005,2:01
220,602753,5807647,1/24/2005,4:00
220,602914,5807659,1/24/2005,6:00
220,602756,5807697,1/24/2005,8:00
220,600842,5807103,1/24/2005,12:00
220,600834,5807091,1/24/2005,14:01
220,600687,5807296,1/24/2005,16:00
220,600834,5807102,1/24/2005,18:00
220,600837,5807104,1/24/2005,20:00
220,600565,5806629,1/24/2005,22:00
220,590914,5805504,1/25/2005,2:00
220,590066,5805936,1/25/2005,4:01
220,590025,5806072,1/25/2005,6:00
220,590001,5806076,1/25/2005,8:00
220,588277,5805804,1/25/2005,10:01
220,584341,5805906,1/25/2005,12:00
220,581013,5807615,1/25/2005,18:01
220,580993,5807716,1/25/2005,20:00
220,580972,5807658,1/25/2005,22:01
220,579304,5807371,1/26/2005,0:01
220,581134,5806069,1/26/2005,2:01
220,584561,5805934,1/26/2005,4:01
220,585886,5806000,1/26/2005,6:00
220,585993,5806218,1/26/2005,8:00
220,585480,5807874,1/26/2005,10:00
220,585479,5807891,1/26/2005,12:01
220,585494,5807887,1/26/2005,14:00
220,585483,5807919,1/26/2005,16:00
220,586257,5810161,1/26/2005,18:00
220,586577,5810191,1/26/2005,20:00
220,586583,5810205,1/26/2005,22:00
220,587680,5809685,1/27/2005,0:01
220,588740,5805855,1/27/2005,4:00
220,590897,5805086,1/27/2005,8:00
220,590400,5806635,1/27/2005,10:00
220,589515,5805828,1/27/2005,12:00
220,589599,5805654,1/27/2005,14:00
220,589442,5805764,1/27/2005,16:01
220,593293,5800519,1/27/2005,20:00
220,593291,5800521,1/27/2005,22:00
220,594578,5799061,1/28/2005,0:00
220,595975,5799221,1/28/2005,2:01
220,595485,5795464,1/28/2005,6:00
220,595667,5794971,1/28/2005,8:00
220,593680,5793669,1/28/2005,10:01
220,590187,5791153,1/28/2005,12:01
220,590280,5790301,1/28/2005,14:00
220,589032,5791948,1/28/2005,16:01
220,588709,5794483,1/28/2005,18:00
220,588947,5793469,1/28/2005,20:00
220,588940,5793474,1/28/2005,22:01
220,588939,5793466,1/29/2005,0:00
220,588947,5793475,1/29/2005,2:00
220,588906,5793544,1/29/2005,4:00
220,588651,5794036,1/29/2005,6:00
220,588651,5794032,1/29/2005,8:00
220,588655,5794036,1/29/2005,10:01
220,588928,5793882,1/29/2005,12:00
220,588961,5793514,1/29/2005,14:00
220,588980,5793497,1/29/2005,16:00
220,588985,5793489,1/29/2005,18:00
220,588829,5793865,1/29/2005,20:00
220,588018,5795449,1/29/2005,22:01
220,588028,5795468,1/30/2005,0:00
220,588010,5795480,1/30/2005,2:01
220,586344,5796159,1/30/2005,4:01
220,586292,5797616,1/30/2005,6:00
220,586389,5797706,1/30/2005,8:01
220,588145,5799503,1/30/2005,12:01
220,588172,5799075,1/30/2005,18:01
220,588066,5799157,1/30/2005,22:00
220,587980,5799138,1/31/2005,0:00
220,588057,5799129,1/31/2005,2:00
220,588093,5799140,1/31/2005,4:01
220,588070,5799134,1/31/2005,6:01
220,588017,5799138,1/31/2005,8:01
220,588593,5800637,1/31/2005,12:01
220,588589,5800637,1/31/2005,14:00
220,588587,5800676,1/31/2005,18:01
220,588942,5802916,1/31/2005,20:01
220,588946,5802884,1/31/2005,22:00
220,588050,5807121,2/1/2005,0:01
220,588642,5807897,2/1/2005,2:01
220,588635,5807909,2/1/2005,4:00
220,588633,5807900,2/1/2005,6:00
220,596813,5810840,2/1/2005,12:00
220,596804,5810842,2/1/2005,14:00
220,596808,5810843,2/1/2005,16:00
220,600603,5810649,2/1/2005,18:00
220,599472,5809353,2/1/2005,20:01
220,599461,5809353,2/1/2005,22:00
220,599474,5809346,2/2/2005,0:00
220,599470,5809336,2/2/2005,2:01
220,599477,5809334,2/2/2005,4:00
220,599493,5809322,2/2/2005,6:01
220,599458,5809335,2/2/2005,8:00
220,601587,5809396,2/2/2005,10:00
220,602683,5809556,2/2/2005,12:01
220,600897,5809894,2/2/2005,14:00
220,600883,5809895,2/2/2005,16:00
220,602776,5807560,2/2/2005,20:01
220,602838,5808120,2/2/2005,22:01
220,602837,5808119,2/3/2005,0:00
220,602809,5808109,2/3/2005,2:01
220,602869,5807651,2/3/2005,4:00
220,602764,5807647,2/3/2005,6:00
220,602584,5807754,2/3/2005,8:00
220,602596,5807753,2/3/2005,10:01
220,602732,5807675,2/3/2005,12:01
220,599185,5808295,2/3/2005,14:01
220,599067,5807711,2/3/2005,16:01
220,599123,5807725,2/3/2005,18:01
220,599120,5807804,2/3/2005,20:00
220,599131,5807815,2/3/2005,22:01
220,599131,5807812,2/4/2005,0:00
220,599719,5806040,2/4/2005,2:01
220,602798,5799119,2/4/2005,6:01
220,600552,5800786,2/4/2005,10:01
220,600861,5800683,2/4/2005,12:01
220,600690,5800756,2/4/2005,14:00
220,601112,5800751,2/4/2005,16:01
220,601553,5801123,2/4/2005,18:00
220,602649,5801602,2/4/2005,20:00
220,589958,5806970,2/5/2005,4:00
220,589971,5806942,2/5/2005,6:00
220,589959,5806972,2/5/2005,8:00
220,582016,5806577,2/5/2005,18:00
220,582023,5806582,2/5/2005,20:00
220,582079,5806600,2/5/2005,22:00
220,582062,5806624,2/6/2005,0:01
220,582066,5806612,2/6/2005,2:00
220,582111,5806641,2/6/2005,4:01
220,582076,5806615,2/6/2005,6:00
220,582061,5806617,2/6/2005,8:00
220,584349,5805547,2/6/2005,12:01
220,584366,5805534,2/6/2005,14:01
220,584349,5805540,2/6/2005,16:00
220,584339,5805551,2/6/2005,18:01
220,583022,5806125,2/6/2005,20:01
220,582019,5806573,2/6/2005,22:00
220,582068,5806611,2/7/2005,0:01
220,582055,5806608,2/7/2005,2:00
220,582061,5806620,2/7/2005,4:00
220,582077,5806632,2/7/2005,6:00
220,582009,5806566,2/7/2005,8:00
220,582052,5806604,2/7/2005,10:01
220,582022,5806589,2/7/2005,12:01
220,587124,5804379,2/7/2005,14:01
220,587939,5803807,2/7/2005,16:00
220,587931,5803676,2/7/2005,18:00
220,589602,5806186,2/7/2005,20:01
220,589601,5806190,2/7/2005,22:00
220,590296,5806057,2/8/2005,0:00
220,590645,5807080,2/8/2005,2:01
220,590821,5807304,2/8/2005,4:00
220,590798,5807338,2/8/2005,6:00
220,590827,5807315,2/8/2005,8:00
220,595337,5809996,2/8/2005,12:01
220,595336,5809994,2/8/2005,14:00
220,594791,5810566,2/8/2005,16:00
220,598945,5810348,2/8/2005,18:00
220,596771,5808166,2/8/2005,20:00
220,596804,5808158,2/8/2005,22:00
220,596783,5808172,2/9/2005,0:00
220,596329,5808169,2/9/2005,2:00
220,593418,5808968,2/9/2005,4:00
220,593266,5808824,2/9/2005,6:00
220,593265,5808843,2/9/2005,8:00
220,582019,5806565,2/9/2005,12:01
220,582197,5806424,2/9/2005,14:01
220,583201,5806931,2/9/2005,16:00
220,583196,5806932,2/9/2005,18:01
220,583189,5806918,2/9/2005,20:01
220,582865,5806985,2/9/2005,22:01
220,582021,5806570,2/10/2005,0:01
220,585316,5806192,2/10/2005,2:01
220,587314,5805872,2/10/2005,4:00
220,588781,5807265,2/10/2005,6:00
220,588776,5807139,2/10/2005,8:00
220,588367,5807131,2/10/2005,10:01
220,588322,5807162,2/10/2005,12:00
220,587373,5807366,2/10/2005,14:01
220,587533,5807195,2/10/2005,16:00
220,585530,5807325,2/10/2005,18:01
220,583162,5806275,2/10/2005,20:00
220,583239,5806256,2/10/2005,22:01
220,583688,5806088,2/11/2005,0:00
220,585310,5806161,2/11/2005,2:00
220,585413,5806147,2/11/2005,4:00
220,583583,5806236,2/11/2005,6:00
220,582028,5806531,2/11/2005,8:00
220,581979,5806560,2/11/2005,10:01
220,581958,5806483,2/11/2005,12:00
220,581904,5806531,2/11/2005,14:00
220,581966,5806509,2/11/2005,16:00
220,581953,5806515,2/11/2005,18:00
220,581966,5806569,2/11/2005,22:01
220,583440,5806547,2/12/2005,0:01
220,584156,5806163,2/12/2005,2:00
220,584166,5806120,2/12/2005,6:01
220,587064,5804942,2/12/2005,8:00
220,587223,5803081,2/12/2005,10:00
220,587176,5803078,2/12/2005,12:01
220,587196,5803036,2/12/2005,14:00
220,587131,5803027,2/12/2005,16:00
220,587187,5803047,2/12/2005,18:00
220,591896,5800124,2/12/2005,22:01
220,595659,5798717,2/13/2005,0:00
220,595955,5798578,2/13/2005,2:00
220,595938,5798519,2/13/2005,4:00
220,596210,5798727,2/13/2005,6:00
220,599288,5799232,2/13/2005,8:00
220,598607,5800021,2/13/2005,10:01
220,599133,5799897,2/13/2005,12:00
220,599180,5799826,2/13/2005,14:00
220,599150,5799882,2/13/2005,16:00
220,598715,5799948,2/13/2005,18:00
220,598705,5799954,2/13/2005,20:00
220,598720,5799921,2/13/2005,22:00
220,600111,5799667,2/14/2005,0:01
220,603881,5797864,2/14/2005,2:01
220,599925,5794513,2/14/2005,4:01
220,600238,5794286,2/14/2005,6:01
220,599129,5794696,2/14/2005,8:01
220,594031,5793470,2/14/2005,10:01
220,592397,5793775,2/14/2005,12:01
220,592286,5794082,2/14/2005,14:00
220,592286,5794066,2/14/2005,16:00
220,588227,5792392,2/14/2005,20:01
220,588231,5792404,2/14/2005,22:00
220,588238,5792400,2/15/2005,0:00
220,588087,5792481,2/15/2005,2:00
220,588239,5792394,2/15/2005,4:00
220,588239,5792385,2/15/2005,6:00
220,588233,5792387,2/15/2005,8:00
220,583711,5792217,2/15/2005,10:01
220,584522,5792320,2/15/2005,12:00
220,583485,5792617,2/15/2005,14:00
220,584375,5792403,2/15/2005,18:00
220,584375,5792525,2/15/2005,20:00
220,584373,5792503,2/15/2005,22:01
220,584518,5792234,2/16/2005,0:00
220,584372,5792389,2/16/2005,2:01
220,584974,5793098,2/16/2005,4:00
220,584925,5793130,2/16/2005,6:01
220,584919,5793169,2/16/2005,8:00
220,584544,5792170,2/16/2005,10:01
220,584614,5792638,2/16/2005,12:00
220,584466,5792211,2/16/2005,14:00
220,585053,5793065,2/16/2005,16:00
220,586768,5795968,2/16/2005,18:00
220,586771,5796156,2/16/2005,20:00
220,585654,5794505,2/16/2005,22:01
220,585151,5793259,2/17/2005,0:01
220,585055,5793196,2/17/2005,2:01
220,584596,5792347,2/17/2005,4:00
220,584605,5792320,2/17/2005,6:01
220,584456,5792546,2/17/2005,8:00
220,584532,5792564,2/17/2005,10:00
220,584548,5792409,2/17/2005,12:00
220,584949,5793146,2/17/2005,14:00
220,584965,5793131,2/17/2005,16:00
220,585237,5793758,2/17/2005,18:00
220,586386,5797504,2/17/2005,20:01
220,586744,5798731,2/17/2005,22:01
220,590238,5805025,2/18/2005,0:01
220,590390,5805894,2/18/2005,2:00
220,590070,5806104,2/18/2005,4:00
220,590068,5806112,2/18/2005,6:00
220,590066,5806112,2/18/2005,8:00
220,590068,5806103,2/18/2005,10:01
220,591762,5805044,2/18/2005,12:01
220,591643,5804953,2/18/2005,14:00
220,591616,5804960,2/18/2005,16:00
220,591618,5804960,2/18/2005,18:00
220,592594,5806055,2/18/2005,20:01
220,592079,5807147,2/18/2005,22:01
220,592093,5807151,2/19/2005,0:00
220,592077,5807124,2/19/2005,2:01
220,592098,5807161,2/19/2005,4:00
220,592110,5807178,2/19/2005,6:00
220,592099,5807163,2/19/2005,8:00
220,586482,5808522,2/19/2005,12:00
220,586418,5808752,2/19/2005,14:01
220,586421,5808730,2/19/2005,16:00
220,584241,5809920,2/19/2005,18:01
220,582583,5810384,2/19/2005,20:01
220,582587,5810382,2/19/2005,22:00
220,582580,5810380,2/20/2005,0:01
220,582578,5810385,2/20/2005,2:00
220,582587,5810395,2/20/2005,4:00
220,582592,5810404,2/20/2005,6:00
220,584862,5811838,2/20/2005,8:01
220,594597,5810725,2/20/2005,10:01
220,595383,5811090,2/20/2005,12:01
220,595351,5810977,2/20/2005,14:01
220,595278,5810588,2/20/2005,16:00
220,598094,5810526,2/20/2005,18:00
220,600077,5809653,2/20/2005,20:00
220,601065,5807906,2/20/2005,22:01
220,599829,5806744,2/21/2005,0:01
220,600342,5804783,2/21/2005,2:00
220,600354,5804789,2/21/2005,4:01
220,600350,5804795,2/21/2005,6:00
220,600362,5804786,2/21/2005,8:00
220,600340,5804811,2/21/2005,10:00
220,598208,5808830,2/21/2005,14:00
220,598889,5808773,2/21/2005,16:00
220,597574,5807127,2/21/2005,18:00
220,598113,5806294,2/21/2005,20:01
220,599088,5806861,2/21/2005,22:00
220,602071,5803468,2/22/2005,6:00
220,602062,5803405,2/22/2005,8:01
220,602061,5803466,2/22/2005,10:00
220,602070,5803459,2/22/2005,12:00
220,605100,5799972,2/22/2005,14:01
220,605686,5800134,2/22/2005,16:01
220,605705,5800145,2/22/2005,18:00
220,605688,5800141,2/22/2005,20:00
220,605688,5800130,2/22/2005,22:00
220,605698,5800126,2/23/2005,0:00
220,605041,5799289,2/23/2005,2:00
220,605030,5799376,2/23/2005,4:01
220,605647,5800155,2/23/2005,6:01
220,605481,5800167,2/23/2005,8:00
220,605039,5800237,2/23/2005,10:01
220,602757,5802357,2/23/2005,12:00
220,602986,5802120,2/23/2005,14:00
220,603002,5802111,2/23/2005,16:00
220,602817,5802393,2/23/2005,18:01
220,602741,5802408,2/23/2005,20:01
220,602689,5802511,2/23/2005,22:00
220,602675,5802292,2/24/2005,0:01
220,601412,5800316,2/24/2005,2:01
220,601415,5800293,2/24/2005,4:01
220,601404,5800266,2/24/2005,6:00
220,601434,5800270,2/24/2005,8:00
220,600141,5800091,2/24/2005,10:00
220,600133,5800057,2/24/2005,12:00
220,600142,5800048,2/24/2005,14:00
220,600142,5800074,2/24/2005,16:00
220,599366,5798816,2/24/2005,18:00
220,600467,5798060,2/24/2005,20:01
220,601071,5798798,2/24/2005,22:01
220,601122,5798606,2/25/2005,2:01
220,601068,5798773,2/25/2005,4:00
220,601095,5798799,2/25/2005,6:00
220,600518,5796739,2/25/2005,8:00
220,599627,5795043,2/25/2005,10:01
220,599575,5795040,2/25/2005,12:01
220,599577,5795046,2/25/2005,14:01
220,599577,5795052,2/25/2005,16:00
220,599587,5795028,2/25/2005,18:00
220,597434,5796106,2/25/2005,20:01
220,597440,5795962,2/25/2005,22:00
220,592749,5799370,2/26/2005,0:01
220,591757,5805733,2/26/2005,2:00
220,590603,5806450,2/26/2005,4:00
220,590289,5806130,2/26/2005,6:00
220,590291,5806126,2/26/2005,8:00
220,590272,5806112,2/26/2005,10:00
220,590251,5806119,2/26/2005,12:00
220,590246,5806092,2/26/2005,14:00
220,590036,5806072,2/26/2005,16:01
220,590040,5806086,2/26/2005,18:00
220,585253,5806591,2/26/2005,20:00
220,583117,5806106,2/26/2005,22:00
220,582163,5805919,2/27/2005,0:01
220,581610,5806663,2/27/2005,2:00
220,582514,5806124,2/27/2005,4:00
220,582512,5806112,2/27/2005,6:00
220,582005,5806627,2/27/2005,8:00
220,582142,5806562,2/27/2005,10:00
220,582126,5806560,2/27/2005,12:00
220,582105,5806963,2/27/2005,16:01
220,581391,5807682,2/27/2005,18:01
220,583664,5811048,2/27/2005,22:00
220,584318,5810681,2/28/2005,0:00
220,584283,5810698,2/28/2005,2:01
220,584305,5810715,2/28/2005,4:00
220,584379,5810694,2/28/2005,6:00
220,584384,5810704,2/28/2005,8:00
220,584382,5810696,2/28/2005,10:00
220,584338,5810658,2/28/2005,12:01
220,584357,5810624,2/28/2005,14:00
220,584699,5810422,2/28/2005,16:00
220,584251,5810640,2/28/2005,18:00
220,584116,5810457,2/28/2005,20:00
220,584092,5810490,2/28/2005,22:00
220,584318,5810694,3/1/2005,0:01
220,584321,5810657,3/1/2005,2:00
220,584313,5810704,3/1/2005,4:01
220,584323,5810651,3/1/2005,6:01
220,584425,5810540,3/1/2005,10:01
220,584534,5810419,3/1/2005,12:00
220,584492,5810427,3/1/2005,14:01
220,584530,5810428,3/1/2005,16:00
220,584527,5810423,3/1/2005,18:00
220,589053,5808684,3/1/2005,20:01
220,593912,5807298,3/1/2005,22:00
220,595129,5808669,3/2/2005,0:00
220,598173,5810560,3/2/2005,2:00
220,601232,5808132,3/2/2005,4:00
220,601173,5808181,3/2/2005,6:00
220,601236,5808129,3/2/2005,8:01
220,602727,5807776,3/2/2005,10:01
220,602841,5807692,3/2/2005,12:00
220,602733,5807778,3/2/2005,14:00
220,602777,5807721,3/2/2005,16:00
220,602732,5807775,3/2/2005,18:01
220,602729,5807788,3/2/2005,20:00
220,603463,5807504,3/2/2005,22:01
220,605064,5803288,3/3/2005,0:01
220,605736,5800109,3/3/2005,2:01
220,605887,5800151,3/3/2005,4:00
220,604122,5800164,3/3/2005,6:01
220,604250,5799886,3/3/2005,8:01
220,602841,5796716,3/3/2005,10:01
220,602849,5796750,3/3/2005,12:00
220,602828,5797530,3/3/2005,16:00
220,600750,5793525,3/3/2005,18:01
220,600706,5793410,3/3/2005,20:00
220,600684,5793316,3/4/2005,0:01
220,598841,5796983,3/4/2005,4:00
220,599096,5796945,3/4/2005,6:00
220,598814,5796773,3/4/2005,8:01
220,598469,5795783,3/4/2005,10:01
220,598517,5795799,3/4/2005,12:00
220,598523,5795772,3/4/2005,14:00
220,598528,5795773,3/4/2005,16:00
220,598527,5795776,3/4/2005,18:00
220,598527,5795780,3/4/2005,20:00
220,598521,5795794,3/4/2005,22:01
220,599275,5797677,3/5/2005,0:01
220,601075,5798830,3/5/2005,4:01
220,600666,5799027,3/5/2005,6:00
220,598946,5799920,3/5/2005,8:00
220,595108,5803405,3/5/2005,10:00
220,595171,5803461,3/5/2005,12:00
220,595227,5803445,3/5/2005,14:01
220,595169,5803434,3/5/2005,16:01
220,595195,5803402,3/5/2005,18:00
220,599200,5797689,3/5/2005,22:01
220,601085,5798793,3/6/2005,0:00
220,599192,5802870,3/6/2005,2:00
220,597447,5806948,3/6/2005,4:00
220,592028,5805694,3/6/2005,6:00
220,593848,5806704,3/6/2005,10:01
220,593850,5806702,3/6/2005,12:00
220,591957,5805082,3/6/2005,16:00
220,591625,5805140,3/6/2005,18:00
220,590273,5806117,3/6/2005,20:01
220,590280,5806128,3/6/2005,22:01
220,590280,5806130,3/7/2005,0:00
220,590284,5806130,3/7/2005,2:00
220,590293,5806124,3/7/2005,4:00
220,591019,5805662,3/7/2005,6:00
220,591131,5805402,3/7/2005,8:01
220,589877,5806014,3/7/2005,10:00
220,589077,5806070,3/7/2005,12:00
220,588877,5805917,3/7/2005,14:01
220,588890,5805897,3/7/2005,16:00
220,588890,5805886,3/7/2005,18:00
220,588882,5805916,3/7/2005,20:01
220,588884,5805876,3/7/2005,22:01
220,590837,5806849,3/8/2005,0:01
220,591408,5807228,3/8/2005,2:00
220,593879,5806164,3/8/2005,4:01
220,595899,5806093,3/8/2005,6:00
220,601208,5807329,3/8/2005,10:01
220,601094,5807340,3/8/2005,12:00
220,601014,5807237,3/8/2005,14:01
220,601057,5807248,3/8/2005,16:00
220,601072,5807248,3/8/2005,18:00
220,601059,5807258,3/8/2005,20:01
220,601056,5807133,3/8/2005,22:01
220,601169,5807255,3/9/2005,2:00
220,601655,5806913,3/9/2005,4:01
220,604489,5801041,3/9/2005,6:01
220,603136,5801871,3/9/2005,8:00
220,603137,5801881,3/9/2005,10:00
220,603142,5801892,3/9/2005,12:00
220,603139,5801890,3/9/2005,14:01
220,599793,5804497,3/9/2005,18:01
220,599790,5804471,3/9/2005,20:01
220,599880,5797104,3/10/2005,0:01
220,599941,5797059,3/10/2005,2:00
220,600612,5797577,3/10/2005,4:00
220,602079,5797662,3/10/2005,6:00
220,602334,5796942,3/10/2005,8:01
220,599792,5794672,3/10/2005,10:01
220,598816,5795554,3/10/2005,12:00
220,598870,5795533,3/10/2005,16:01
220,598865,5795511,3/10/2005,18:00
220,598597,5797101,3/10/2005,20:01
220,600609,5797558,3/10/2005,22:01
220,600850,5797600,3/11/2005,0:00
220,601358,5797549,3/11/2005,2:00
220,600822,5798646,3/11/2005,4:00
220,598321,5801964,3/11/2005,10:01
220,598246,5802747,3/11/2005,12:01
220,598297,5801927,3/11/2005,18:00
220,598285,5801921,3/11/2005,20:01
220,598307,5801919,3/12/2005,0:01
220,597350,5802988,3/12/2005,2:00
220,595917,5803086,3/12/2005,4:01
220,596012,5803629,3/12/2005,6:00
220,595599,5804058,3/12/2005,8:01
220,595572,5803939,3/12/2005,12:00
220,596807,5802770,3/12/2005,16:00
220,596809,5802770,3/12/2005,18:01
220,594635,5802891,3/12/2005,20:01
220,591119,5805338,3/12/2005,22:01
220,591112,5805331,3/13/2005,0:00
220,591122,5805341,3/13/2005,2:00
220,591128,5805336,3/13/2005,4:00
220,591119,5805341,3/13/2005,6:00
220,589599,5805751,3/13/2005,8:00
220,585385,5807697,3/13/2005,10:00
220,582125,5808288,3/13/2005,12:00
220,581939,5808406,3/13/2005,14:01
220,583722,5812313,3/13/2005,16:00
220,589792,5810904,3/13/2005,20:00
220,589792,5810971,3/13/2005,22:00
220,589836,5810873,3/14/2005,0:01
220,589786,5810905,3/14/2005,2:00
220,589794,5810916,3/14/2005,4:01
220,589805,5810919,3/14/2005,6:00
220,591741,5811728,3/14/2005,8:01
220,594715,5810846,3/14/2005,10:00
220,594907,5810729,3/14/2005,12:00
220,594901,5810733,3/14/2005,14:00
220,594901,5810711,3/14/2005,16:00
220,594547,5811126,3/14/2005,18:01
220,595051,5810967,3/14/2005,20:01
220,594988,5811049,3/14/2005,22:00
220,594981,5811045,3/15/2005,0:00
220,594991,5811071,3/15/2005,2:00
220,594985,5811065,3/15/2005,4:00
220,594989,5811059,3/15/2005,6:00
220,598441,5803379,3/15/2005,12:00
220,595228,5803303,3/15/2005,14:00
220,596379,5802993,3/15/2005,16:00
220,598324,5803546,3/15/2005,18:00
220,598308,5803665,3/15/2005,20:01
220,598211,5803774,3/15/2005,22:01
220,598338,5803565,3/16/2005,0:01
220,598618,5803970,3/16/2005,2:00
220,598395,5803768,3/16/2005,4:00
220,598416,5803788,3/16/2005,6:00
220,598594,5803654,3/16/2005,8:01
220,598581,5803733,3/16/2005,10:01
220,598573,5803927,3/16/2005,12:00
220,598665,5803890,3/16/2005,14:00
220,598397,5803678,3/16/2005,16:01
220,598425,5803604,3/16/2005,18:00
220,598440,5803606,3/16/2005,20:01
220,598377,5803626,3/16/2005,22:00
220,598442,5803498,3/17/2005,0:00
220,598354,5803582,3/17/2005,2:00
220,598355,5803600,3/17/2005,4:01
220,598328,5803583,3/17/2005,6:00
220,596039,5806712,3/17/2005,10:00
220,596042,5806718,3/17/2005,12:00
220,598030,5803650,3/17/2005,18:00
220,598101,5803730,3/17/2005,20:01
220,598429,5803607,3/17/2005,22:00
220,598434,5803618,3/18/2005,0:01
220,598362,5803459,3/18/2005,2:00
220,598362,5803636,3/18/2005,4:01
220,598326,5803615,3/18/2005,6:00
220,595495,5802500,3/18/2005,8:01
220,591636,5804957,3/18/2005,12:00
220,591646,5804951,3/18/2005,14:00
220,588716,5802019,3/18/2005,16:00
220,587251,5800504,3/18/2005,18:00
220,586472,5795981,3/18/2005,20:00
220,592912,5794328,3/18/2005,22:00
220,598504,5803534,3/19/2005,2:00
220,598503,5803530,3/19/2005,4:00
220,598522,5803359,3/19/2005,6:00
220,597107,5803393,3/19/2005,8:01
220,595823,5802893,3/19/2005,10:01
220,597916,5803131,3/19/2005,12:00
220,597928,5803137,3/19/2005,14:00
220,597917,5803290,3/19/2005,16:00
220,596844,5803184,3/19/2005,18:01
220,595782,5803611,3/19/2005,20:00
220,597539,5803917,3/19/2005,22:02
220,598194,5803790,3/20/2005,0:00
220,598219,5804577,3/20/2005,2:01
220,598201,5804547,3/20/2005,4:00
220,598202,5804554,3/20/2005,6:00
220,597807,5805462,3/20/2005,8:01
220,597692,5806563,3/20/2005,10:00
220,597692,5806567,3/20/2005,12:00
220,597695,5806568,3/20/2005,14:00
220,599237,5808772,3/20/2005,16:00
220,599259,5808784,3/20/2005,18:00
220,599256,5808789,3/20/2005,20:00
220,599251,5808795,3/20/2005,22:00
220,599259,5808803,3/21/2005,0:00
220,599218,5808828,3/21/2005,2:00
220,599203,5808783,3/21/2005,4:01
220,599320,5808790,3/21/2005,6:01
220,599260,5808780,3/21/2005,8:01
220,599105,5808697,3/21/2005,10:00
220,596277,5806324,3/21/2005,12:00
220,595379,5805750,3/21/2005,14:00
220,595379,5805746,3/21/2005,16:00
220,595388,5805715,3/21/2005,18:00
220,594960,5805764,3/21/2005,20:00
220,588417,5806130,3/21/2005,22:00
220,585451,5805725,3/22/2005,0:01
220,581918,5805316,3/22/2005,4:00
220,581924,5805322,3/22/2005,6:01
220,581917,5805336,3/22/2005,8:01
220,579790,5806880,3/22/2005,10:02
220,580776,5808376,3/22/2005,12:01
220,580810,5808415,3/22/2005,14:00
220,581684,5808375,3/22/2005,16:00
220,582136,5806040,3/22/2005,18:01
220,583301,5806411,3/22/2005,20:01
220,599221,5808803,3/23/2005,2:00
220,599135,5808788,3/23/2005,4:00
220,599197,5808781,3/23/2005,6:00
220,599197,5808774,3/23/2005,8:01
220,599195,5808770,3/23/2005,10:00
220,598484,5803791,3/23/2005,16:01
220,598571,5803913,3/23/2005,18:01
220,598470,5804114,3/23/2005,20:00
220,598323,5803581,3/23/2005,22:01
220,598353,5803597,3/24/2005,0:01
220,598362,5803666,3/24/2005,2:01
220,598338,5803560,3/24/2005,4:01
220,598366,5803628,3/24/2005,6:00
220,598307,5803657,3/24/2005,8:01
220,598393,5803848,3/24/2005,10:00
220,598574,5804499,3/24/2005,12:02
220,597962,5804674,3/24/2005,14:00
220,597980,5804621,3/24/2005,16:00
220,598317,5803956,3/24/2005,18:01
220,598401,5803794,3/24/2005,20:00
220,598349,5803553,3/24/2005,22:00
220,598345,5803552,3/25/2005,0:01
220,598433,5803607,3/25/2005,2:00
220,598044,5803308,3/25/2005,4:00
220,598846,5803045,3/25/2005,6:00
220,598849,5803043,3/25/2005,8:01
220,598847,5803047,3/25/2005,10:00
220,598775,5803126,3/25/2005,12:00
220,598787,5803105,3/25/2005,14:01
220,598383,5803649,3/25/2005,16:00
220,598421,5803763,3/25/2005,18:01
220,598401,5803643,3/25/2005,20:01
220,598358,5803456,3/25/2005,22:00
220,598355,5803457,3/26/2005,0:00
220,598272,5803533,3/26/2005,2:01
220,592496,5802998,3/26/2005,6:01
220,592643,5802893,3/26/2005,8:01
220,592708,5802871,3/26/2005,10:00
220,592125,5803840,3/26/2005,12:01
220,591070,5802902,3/26/2005,14:00
220,591066,5802904,3/26/2005,16:00
220,591077,5802926,3/26/2005,18:01
220,591066,5802913,3/26/2005,20:01
220,586452,5807447,3/26/2005,22:01
220,586424,5807403,3/27/2005,0:00
220,586393,5807431,3/27/2005,2:00
220,586412,5807456,3/27/2005,4:00
220,586403,5807448,3/27/2005,6:00
220,586497,5807115,3/27/2005,8:01
220,584257,5805497,3/27/2005,12:01
220,584199,5805418,3/27/2005,14:00
220,584213,5805377,3/27/2005,16:00
220,582274,5805525,3/27/2005,18:01
220,578948,5807962,3/27/2005,20:02
220,584715,5810206,3/27/2005,22:00
220,593720,5805172,3/28/2005,0:00
220,598251,5803522,3/28/2005,2:00
220,598357,5803459,3/28/2005,4:00
220,598376,5803453,3/28/2005,6:01
220,598365,5803448,3/28/2005,8:00
220,597512,5803496,3/28/2005,10:00
220,597506,5803473,3/28/2005,12:01
220,597550,5803535,3/28/2005,14:01
220,597533,5803542,3/28/2005,16:00
220,597583,5803406,3/28/2005,18:00
220,598386,5803618,3/28/2005,20:00
220,598347,5803659,3/28/2005,22:01
220,598453,5803663,3/29/2005,0:01
220,598407,5803549,3/29/2005,2:01
220,598382,5803757,3/29/2005,4:01
220,602591,5808201,3/29/2005,6:00
220,602593,5808165,3/29/2005,8:01
220,602628,5807880,3/29/2005,10:00
220,601756,5808732,3/29/2005,12:01
220,601860,5808571,3/29/2005,14:01
220,600685,5809240,3/29/2005,16:00
220,600607,5809261,3/29/2005,18:00
220,602617,5808162,3/29/2005,22:01
220,602571,5808092,3/30/2005,0:00
220,602426,5807990,3/30/2005,2:00
220,602567,5807848,3/30/2005,4:00
220,602528,5807827,3/30/2005,6:00
220,602442,5808003,3/30/2005,8:00
220,598026,5808660,3/30/2005,10:00
220,596120,5808451,3/30/2005,12:00
220,596119,5808455,3/30/2005,14:00
220,596119,5808453,3/30/2005,16:00
220,596118,5808457,3/30/2005,18:01
220,595140,5808768,3/30/2005,20:00
220,594389,5810761,3/30/2005,22:01
220,594080,5810785,3/31/2005,0:01
220,590500,5808497,3/31/2005,2:01
220,590292,5806126,3/31/2005,4:00
220,590238,5806131,3/31/2005,6:01
220,590289,5806132,3/31/2005,8:00
220,590156,5806365,3/31/2005,10:00
220,588396,5803054,3/31/2005,12:00
220,588396,5803028,3/31/2005,14:00
220,588295,5802944,3/31/2005,16:01
220,589196,5803257,3/31/2005,18:01
220,590488,5801402,3/31/2005,20:01
220,595003,5801642,3/31/2005,22:02
220,595297,5801726,4/1/2005,0:01
220,595320,5801310,4/1/2005,2:00
220,595376,5801498,4/1/2005,4:00
220,595410,5801447,4/1/2005,6:01
220,595381,5801486,4/1/2005,8:01
220,595365,5801484,4/1/2005,10:00
220,594653,5801836,4/1/2005,12:00
220,594697,5801830,4/1/2005,14:01
220,594723,5801811,4/1/2005,16:01
220,594710,5801825,4/1/2005,18:01
220,595372,5801478,4/1/2005,20:01
220,595402,5801447,4/1/2005,22:00
220,595395,5801457,4/2/2005,0:00
220,595412,5801438,4/2/2005,2:00
220,602273,5798300,4/2/2005,6:01
220,604158,5803283,4/2/2005,8:01
220,600705,5805098,4/2/2005,10:00
220,600605,5805397,4/2/2005,12:00
220,599192,5807686,4/2/2005,14:00
220,599203,5807678,4/2/2005,16:00
220,599194,5807666,4/2/2005,18:00
220,599197,5807676,4/2/2005,20:00
220,599070,5807757,4/2/2005,22:00
220,599198,5810334,4/3/2005,0:00
220,602629,5808184,4/3/2005,2:00
220,602614,5808165,4/3/2005,4:00
220,602625,5808163,4/3/2005,6:00
220,602726,5807792,4/3/2005,8:00
220,602571,5807981,4/3/2005,10:00
220,602098,5808010,4/3/2005,12:01
220,600914,5807165,4/3/2005,14:00
220,600899,5807202,4/3/2005,16:01
220,600899,5807180,4/3/2005,18:01
220,599674,5803639,4/3/2005,20:00
220,598249,5803535,4/3/2005,22:01
220,598274,5803501,4/4/2005,0:00
220,598288,5803521,4/4/2005,2:01
220,598519,5803449,4/4/2005,4:00
220,597077,5803105,4/4/2005,8:00
220,595424,5801453,4/4/2005,10:01
220,595298,5803431,4/4/2005,12:00
220,595302,5803431,4/4/2005,16:01
220,596050,5803563,4/4/2005,18:01
220,596057,5803577,4/4/2005,20:01
220,596042,5803553,4/4/2005,22:01
220,598294,5803532,4/5/2005,0:00
220,593186,5804266,4/5/2005,10:00
220,592871,5804353,4/5/2005,12:01
220,592872,5804337,4/5/2005,14:00
220,592865,5804367,4/5/2005,16:00
220,592868,5804353,4/5/2005,18:01
220,592907,5802809,4/5/2005,20:02
220,595452,5801450,4/5/2005,22:01
220,595378,5801473,4/6/2005,0:00
220,595429,5801312,4/6/2005,2:01
220,597016,5795852,4/6/2005,4:01
220,592575,5794226,4/6/2005,6:00
220,591460,5793883,4/6/2005,8:00
220,591793,5794349,4/6/2005,10:01
220,592289,5803666,4/6/2005,16:01
220,590896,5805092,4/6/2005,22:01
220,590904,5805080,4/7/2005,0:00
220,590899,5805090,4/7/2005,2:00
220,590937,5805055,4/7/2005,4:00
220,590880,5805077,4/7/2005,6:00
220,589118,5807118,4/7/2005,8:00
220,586859,5806385,4/7/2005,10:00
220,586839,5806399,4/7/2005,12:00
220,586450,5806493,4/7/2005,14:00
220,587172,5805853,4/7/2005,16:01
220,587427,5805756,4/7/2005,18:00
220,590589,5805907,4/7/2005,20:01
220,598273,5803547,4/7/2005,22:00
220,598303,5803556,4/8/2005,0:00
220,598331,5803566,4/8/2005,2:00
220,598404,5803355,4/8/2005,4:00
220,598332,5803560,4/8/2005,6:00
220,598563,5803690,4/8/2005,8:01
220,598279,5803998,4/8/2005,10:00
220,598320,5803912,4/8/2005,12:00
220,598273,5803544,4/8/2005,16:01
220,598346,5803544,4/8/2005,18:01
220,598336,5803563,4/8/2005,20:01
220,598324,5803532,4/9/2005,0:01
220,598335,5803548,4/9/2005,2:00
220,600688,5801907,4/9/2005,4:00
220,603652,5799123,4/9/2005,6:01
220,601392,5798600,4/9/2005,8:01
220,599219,5800010,4/9/2005,10:01
220,599209,5799863,4/9/2005,12:01
220,599244,5800028,4/9/2005,14:01
220,599316,5799836,4/9/2005,16:00
220,599318,5799841,4/9/2005,18:01
220,599351,5799365,4/9/2005,20:01
220,601038,5795791,4/9/2005,22:01
220,600613,5795582,4/10/2005,0:00
220,598811,5796980,4/10/2005,2:00
220,598825,5797033,4/10/2005,4:00
220,595624,5794065,4/10/2005,6:01
220,591654,5794132,4/10/2005,8:00
220,591213,5793790,4/10/2005,10:00
220,591239,5793764,4/10/2005,12:00
220,591230,5793768,4/10/2005,14:00
220,591233,5793759,4/10/2005,16:00
220,591230,5793761,4/10/2005,18:01
220,589273,5802981,4/10/2005,22:01
220,591730,5804279,4/11/2005,0:00
220,594422,5803484,4/11/2005,2:00
220,595191,5803741,4/11/2005,4:01
220,595242,5803441,4/11/2005,6:00
220,595184,5803516,4/11/2005,8:00
220,595197,5803480,4/11/2005,10:00
220,595221,5803487,4/11/2005,12:00
220,595221,5803466,4/11/2005,16:00
220,593031,5803549,4/11/2005,20:01
220,593791,5803713,4/11/2005,22:01
220,587201,5805823,4/12/2005,0:00
220,587174,5805796,4/12/2005,2:00
220,587176,5805813,4/12/2005,4:00
220,587168,5805798,4/12/2005,6:00
220,587231,5806171,4/12/2005,8:00
220,587168,5805800,4/12/2005,10:01
220,587204,5805819,4/12/2005,12:00
220,587176,5805802,4/12/2005,14:00
220,587178,5805793,4/12/2005,16:00
220,587182,5805792,4/12/2005,18:00
220,592753,5805933,4/12/2005,20:00
220,592237,5804772,4/12/2005,22:01
220,587191,5805800,4/13/2005,0:00
220,587944,5806186,4/13/2005,2:00
220,587189,5805815,4/13/2005,8:01
220,587169,5805830,4/13/2005,10:00
220,587185,5805807,4/13/2005,12:00
220,587190,5805801,4/13/2005,14:00
220,587176,5805797,4/13/2005,16:00
220,587188,5805800,4/13/2005,18:00
220,591715,5804914,4/13/2005,20:00
220,592204,5804753,4/13/2005,22:00
220,592303,5804842,4/14/2005,0:00
220,592196,5804732,4/14/2005,2:00
220,590104,5805962,4/14/2005,4:00
220,587175,5805798,4/14/2005,6:00
220,587180,5805817,4/14/2005,8:00
220,587167,5805804,4/14/2005,10:00
220,587160,5805794,4/14/2005,12:00
220,587169,5805759,4/14/2005,14:00
220,587187,5805784,4/14/2005,16:00
220,587179,5805798,4/14/2005,18:01
220,587809,5806499,4/14/2005,20:01
220,587187,5805817,4/14/2005,22:01
