"","x_","y_","t_","grid_id"
"1",564628.1636,7598658.143,2005-05-24 00:18:00,98
"2",564948.3297,7598662.538,2005-05-24 04:18:00,98
"3",564003.3721,7598347.731,2005-05-24 08:18:00,72
"4",564140.4662,7598585.694,2005-05-24 12:18:00,98
"5",564421.7616,7598390.864,2005-05-24 16:18:00,72
"6",564121.4581,7598696.28,2005-05-24 20:18:00,98
"7",564148.7576,7598674.151,2005-05-25 00:18:00,98
"8",565040.1452,7598409.13,2005-05-25 08:18:00,72
"9",564965.4484,7598496.396,2005-05-25 12:18:00,72
"10",564812.3993,7598740.276,2005-05-25 16:18:00,98
"11",564835.1254,7598741.67,2005-05-25 20:18:00,98
"12",564780.3014,7598761.007,2005-05-26 00:18:00,98
"13",564737.5213,7598678.823,2005-05-26 04:18:00,98
"14",564788.6025,7598781.08,2005-05-26 08:18:00,98
"15",564768.3438,7598710.592,2005-05-26 12:18:00,98
"16",565237.1322,7598524.674,2005-05-26 16:18:00,98
"17",564798.6019,7598748.739,2005-05-26 20:18:00,98
"18",564792.1156,7598787.221,2005-05-27 00:18:00,98
"19",567842.8152,7600731.877,2005-05-28 04:18:00,126
"20",568299.2909,7600809.236,2005-05-28 08:18:00,126
"21",568303.8085,7600798.691,2005-05-28 12:18:00,126
"22",568692.227,7601722.266,2005-05-28 16:18:00,126
"23",568188.2934,7602190.417,2005-05-28 20:18:00,126
"24",568131.0239,7602181.47,2005-05-29 00:18:00,126
"25",567879.2077,7602511.317,2005-05-29 04:18:00,152
"26",567524.9439,7602818.953,2005-05-29 08:18:00,151
"27",567514.2385,7602795.349,2005-05-29 12:18:00,151
"28",567336.6715,7602844.789,2005-05-29 16:18:00,151
"29",567037.5235,7603217.683,2005-05-29 20:18:00,151
"30",567018.8397,7603492.71,2005-05-30 00:18:00,151
"31",567638.1917,7602655.782,2005-05-30 08:18:00,152
"32",567623.3572,7602670.795,2005-05-30 12:18:00,152
"33",567292.7442,7602845.199,2005-05-30 16:18:00,151
"34",565838.6002,7604270.664,2005-05-30 20:18:00,151
"35",565346.1572,7604352.299,2005-05-31 00:18:00,150
"36",564038.0128,7605171.006,2005-05-31 08:18:00,176
"37",564044.7427,7605180.348,2005-05-31 12:18:00,176
"38",564400.746,7604281.473,2005-05-31 16:18:00,150
"39",563462.3647,7605232.159,2005-05-31 20:18:00,175
"40",562972.5039,7605263.953,2005-06-01 00:18:00,175
"41",560926.2544,7605648.48,2005-06-01 04:18:00,174
"42",560880.3262,7605581.966,2005-06-01 08:18:00,174
"43",560859.7196,7605600.05,2005-06-01 12:18:00,174
"44",560894.7087,7605596.778,2005-06-01 16:18:00,174
"45",560857.589,7605589.333,2005-06-01 20:18:00,174
"46",560642.8863,7605581.884,2005-06-02 00:18:00,174
"47",560234.2517,7606323.719,2005-06-02 08:18:00,174
"48",560204.2044,7606346.822,2005-06-02 12:18:00,174
"49",560584.8016,7606459.742,2005-06-02 16:18:00,174
"50",558598.9413,7606932.266,2005-06-02 20:18:00,199
"51",556073.116,7609176.82,2005-06-03 00:18:00,224
"52",557117.1273,7609739.413,2005-06-03 08:18:00,224
"53",557143.0001,7609753.623,2005-06-03 12:18:00,224
"54",557891.1689,7609943.847,2005-06-03 16:18:00,225
"55",557176.0042,7613531.312,2005-06-03 20:18:00,276
"56",557273.4831,7615853.499,2005-06-04 00:18:00,302
"57",556698.2235,7621945.978,2005-06-04 08:18:00,380
"58",556678.8564,7621952.446,2005-06-04 12:18:00,380
"59",556660.7321,7623740.598,2005-06-04 16:18:00,406
"60",554920.1342,7624247.7,2005-06-04 20:18:00,405
"61",554917.4275,7627291.811,2005-06-05 00:18:00,457
"62",554229.6016,7630387.983,2005-06-05 04:18:00,483
"63",554467.3574,7630411.123,2005-06-05 08:18:00,483
"64",554330.3631,7630387.026,2005-06-05 12:18:00,483
"65",554462.5989,7630543.15,2005-06-05 16:18:00,509
"66",554460.5511,7630405.127,2005-06-05 20:18:00,483
"67",554474.7219,7630453.241,2005-06-06 00:18:00,483
"68",555263.941,7630884.53,2005-06-06 08:18:00,509
"69",555230.4482,7630862.227,2005-06-06 12:18:00,509
"70",555895.9907,7630453.359,2005-06-06 16:18:00,484
"71",556209.4422,7632451.509,2005-06-06 20:18:00,510
"72",555494.6478,7633439.913,2005-06-07 00:18:00,535
"73",552047.0496,7636020.716,2005-06-07 08:18:00,560
"74",552072.016,7636021.677,2005-06-07 12:18:00,560
"75",551285.1945,7634705.873,2005-06-07 16:18:00,559
"76",548831.1054,7634081.317,2005-06-07 20:18:00,532
"77",548306.5266,7635118.998,2005-06-08 00:18:00,558
"78",550584.3802,7636097.143,2005-06-08 08:18:00,559
"79",550579.8225,7636083.69,2005-06-08 12:18:00,559
"80",551610.5796,7638065.951,2005-06-08 16:18:00,585
"81",551911.252,7639079.414,2005-06-08 20:18:00,612
"82",552473.6482,7641729.732,2005-06-09 00:18:00,638
"83",553334.8148,7643234.48,2005-06-09 08:18:00,664
"84",553210.0163,7643127.012,2005-06-09 12:18:00,664
"85",553641.9555,7641948.5,2005-06-09 16:18:00,639
"86",553962.5541,7641737.145,2005-06-09 20:18:00,639
"87",555782.2301,7641861.712,2005-06-10 00:18:00,640
"88",551679.8769,7642363.18,2005-06-10 08:18:00,638
"89",551649.4341,7642495.08,2005-06-10 12:18:00,638
"90",551509.0891,7641265.766,2005-06-10 16:18:00,637
"91",551538.2356,7641141.038,2005-06-10 20:18:00,637
"92",551896.8113,7639519.914,2005-06-11 00:18:00,612
"93",553234.2907,7637895.147,2005-06-11 08:18:00,586
"94",553332.9737,7637885.395,2005-06-11 12:18:00,586
"95",555343.2807,7637929.016,2005-06-11 16:18:00,587
"96",557019.0868,7637295.615,2005-06-11 20:18:00,588
"97",557123.7884,7636410.407,2005-06-12 00:18:00,562
"98",558637.0322,7633249.885,2005-06-12 08:18:00,537
"99",558633.1717,7633239.275,2005-06-12 12:18:00,537
"100",557994.9728,7631301.062,2005-06-12 16:18:00,511
"101",559309.7911,7630847.108,2005-06-12 20:18:00,511
"102",561050.3374,7630294.594,2005-06-13 00:18:00,486
"103",562601.1834,7629752.861,2005-06-13 08:18:00,487
"104",562589.7668,7629722.487,2005-06-13 12:18:00,487
"105",563173.8384,7628468.985,2005-06-13 16:18:00,461
"106",563808.9635,7628200.584,2005-06-13 20:18:00,462
"107",563819.067,7628270.813,2005-06-14 00:18:00,462
"108",563966.0044,7627581.438,2005-06-14 04:18:00,462
"109",563996.6059,7627551.384,2005-06-14 08:18:00,462
"110",563962.5698,7627552.438,2005-06-14 12:18:00,462
"111",564019.8698,7627117.369,2005-06-14 16:18:00,462
"112",563382.7513,7626894.696,2005-06-14 20:18:00,461
"113",563243.6782,7626178.638,2005-06-15 00:18:00,435
"114",555279.8792,7627143.613,2005-06-16 08:18:00,457
"115",554828.7385,7627890.37,2005-06-16 12:18:00,457
"116",554713.2401,7627476.015,2005-06-16 16:18:00,457
"117",553908.278,7630887.962,2005-06-16 20:18:00,509
"118",552751.6915,7633619.654,2005-06-17 00:18:00,534
"119",551333.6963,7635382.377,2005-06-17 04:18:00,559
"120",551130.4487,7636465.112,2005-06-17 08:18:00,559
"121",551143.7905,7636510.673,2005-06-17 12:18:00,585
"122",551167.866,7637546.341,2005-06-17 16:18:00,585
"123",551339.6901,7638155.358,2005-06-17 20:18:00,585
"124",551320.4528,7638114.072,2005-06-18 00:18:00,585
"125",553827.3743,7641486.187,2005-06-18 08:18:00,639
"126",553804.4682,7641503.217,2005-06-18 12:18:00,639
"127",553881.7372,7641685.982,2005-06-18 16:18:00,639
"128",551638.0843,7643507.757,2005-06-18 20:18:00,664
"129",549630.1898,7642371.96,2005-06-19 00:18:00,637
"130",550564.1332,7641306.836,2005-06-19 08:18:00,637
"131",550575.6556,7641307.089,2005-06-19 12:18:00,637
"132",548898.5959,7636729.564,2005-06-19 16:18:00,584
"133",548819.0787,7634052.189,2005-06-19 20:18:00,532
"134",550742.5967,7634986.844,2005-06-20 00:18:00,559
"135",554132.8085,7632460.747,2005-06-20 08:18:00,509
"136",554105.0337,7632421.134,2005-06-20 12:18:00,509
"137",557624.9339,7631684.373,2005-06-20 16:18:00,511
"138",556805.1591,7630154.011,2005-06-20 20:18:00,484
"139",554659.5773,7628949.144,2005-06-21 00:18:00,483
"140",555391.1799,7627916.465,2005-06-21 04:18:00,457
"141",554787.1913,7627509.247,2005-06-21 08:18:00,457
"142",554748.1616,7627474.085,2005-06-21 12:18:00,457
"143",554834.0028,7627521.942,2005-06-21 16:18:00,457
"144",554767.73,7627100.624,2005-06-21 20:18:00,457
"145",554498.2893,7626147.024,2005-06-22 00:18:00,431
"146",554227.8311,7625874.534,2005-06-22 08:18:00,431
"147",554256.8077,7625876.077,2005-06-22 12:18:00,431
"148",554358.5845,7624429.534,2005-06-22 16:18:00,405
"149",556502.1323,7623839.698,2005-06-22 20:18:00,406
"150",556604.6045,7623765.294,2005-06-23 00:18:00,406
"151",559039.9189,7625201.438,2005-06-23 08:18:00,433
"152",559056.5798,7625202.58,2005-06-23 12:18:00,433
"153",559039.6039,7625313.103,2005-06-23 16:18:00,433
"154",559501.8021,7626288.472,2005-06-23 20:18:00,433
"155",561060.0896,7626273.813,2005-06-24 00:18:00,434
"156",564432.4445,7625001.485,2005-06-24 08:18:00,436
"157",564436.404,7624987.13,2005-06-24 12:18:00,436
"158",564402.3955,7624989.752,2005-06-24 16:18:00,436
"159",564653.2682,7625053.075,2005-06-24 20:18:00,436
"160",565363.5662,7624158.091,2005-06-25 00:18:00,410
"161",565449.9284,7623179.842,2005-06-25 12:18:00,410
"162",564933.4526,7622882.345,2005-06-25 16:18:00,410
"163",563524.4801,7623786.381,2005-06-25 20:18:00,409
"164",561921.0056,7623896.114,2005-06-26 00:18:00,409
"165",557200.8902,7621768.124,2005-06-26 08:18:00,380
"166",556984.0895,7621802.862,2005-06-26 12:18:00,380
"167",557057.073,7621868.488,2005-06-26 16:18:00,380
"168",557099.484,7622045.053,2005-06-26 20:18:00,380
"169",557033.113,7621854.609,2005-06-27 00:18:00,380
"170",553811.2335,7625312.59,2005-06-27 08:18:00,431
"171",553748.0308,7625338.864,2005-06-27 12:18:00,431
"172",553449.3469,7626559.323,2005-06-27 16:18:00,456
"173",551960.5244,7627773.43,2005-06-27 20:18:00,456
"174",552994.5219,7631560.534,2005-06-28 00:18:00,508
"175",551332.6036,7638147.432,2005-06-28 08:18:00,585
"176",551309.5739,7638140.065,2005-06-28 12:18:00,585
"177",551890.2544,7639087.525,2005-06-28 16:18:00,612
"178",553797.8071,7641671.517,2005-06-28 20:18:00,639
"179",553830.6039,7641621.641,2005-06-29 00:18:00,639
"180",548987.0405,7642126.219,2005-06-29 08:18:00,636
"181",549038.3613,7642094.348,2005-06-29 12:18:00,636
"182",550162.7249,7641282.562,2005-06-29 16:18:00,637
"183",551313.2289,7638138.369,2005-06-29 20:18:00,585
"184",551128.7752,7637942.246,2005-06-30 00:18:00,585
"185",546741.4399,7635577.405,2005-06-30 16:18:00,557
"186",546750.4192,7635624.9,2005-06-30 20:18:00,557
"187",545768.1837,7635582.74,2005-07-01 00:18:00,557
"188",545791.9439,7639009.038,2005-07-01 08:18:00,609
"189",545798.0596,7639008.227,2005-07-01 12:18:00,609
"190",545713.1044,7640487.549,2005-07-01 16:18:00,609
"191",545609.7215,7640518.147,2005-07-01 20:18:00,634
"192",545808.0087,7640524.507,2005-07-02 00:18:00,635
"193",546276.4968,7640341.603,2005-07-02 08:18:00,609
"194",547171.3,7637860.444,2005-07-02 12:18:00,583
"195",546856.5995,7637697.605,2005-07-02 16:18:00,583
"196",546865.1049,7637694.008,2005-07-02 20:18:00,583
"197",546174.0968,7637460.171,2005-07-03 00:18:00,583
"198",551723.9575,7638139.623,2005-07-03 08:18:00,586
"199",551519.2484,7636718.51,2005-07-03 12:18:00,585
"200",551798.7296,7635285.4,2005-07-03 16:18:00,560
"201",551244.1106,7634222.303,2005-07-03 20:18:00,533
"202",551217.2703,7631915.822,2005-07-04 00:18:00,507
"203",552484.016,7629424.404,2005-07-04 04:18:00,482
"204",552557.2962,7629446.803,2005-07-04 08:18:00,482
"205",552787.6808,7629606.574,2005-07-04 12:18:00,482
"206",552982.1854,7629642.549,2005-07-04 16:18:00,482
"207",552930.2304,7629737.146,2005-07-04 20:18:00,482
"208",552953.4334,7629682.452,2005-07-05 00:18:00,482
"209",551759.6869,7628396.925,2005-07-05 04:18:00,456
"210",551763.3504,7627887.228,2005-07-05 08:18:00,456
"211",551334.3332,7627050.103,2005-07-05 12:18:00,455
"212",551553.477,7626728.078,2005-07-05 16:18:00,455
"213",551361.3385,7626629.247,2005-07-06 00:18:00,455
"214",549984.9726,7625913.246,2005-07-06 08:18:00,429
"215",548675.3032,7631615.125,2005-07-06 12:18:00,506
"216",548414.076,7632557.915,2005-07-06 16:18:00,532
"217",546711.3477,7635535.321,2005-07-06 20:18:00,557
"218",546693.5744,7635531.863,2005-07-07 00:18:00,557
"219",548797.4447,7638043.05,2005-07-07 08:18:00,584
"220",550782.7645,7628758.051,2005-07-07 12:18:00,481
"221",549876.7193,7632703.877,2005-07-07 16:18:00,533
"222",550767.2396,7628737.587,2005-07-07 20:18:00,481
"223",550802.7962,7628772.388,2005-07-08 00:18:00,481
"224",550428.0191,7627425.605,2005-07-08 08:18:00,455
"225",547670.5745,7629336.571,2005-07-08 12:18:00,480
"226",552112.1133,7629362.379,2005-07-08 16:18:00,482
"227",551762.6225,7627956.571,2005-07-08 20:18:00,456
"228",551769.7113,7627985.209,2005-07-09 00:18:00,456
"229",552837.4135,7626282.178,2005-07-09 08:18:00,430
"230",556704.1905,7630089.196,2005-07-09 12:18:00,484
"231",558274.7545,7631327.852,2005-07-09 16:18:00,511
"232",554156.4585,7632408.595,2005-07-09 20:18:00,509
"233",553519.9318,7632482.699,2005-07-10 00:18:00,508
"234",550842.55,7625061.963,2005-07-10 12:18:00,429
"235",550681.6548,7624267.628,2005-07-10 16:18:00,403
"236",550724.6049,7624274.853,2005-07-10 20:18:00,403
"237",550710.1126,7624380.092,2005-07-11 00:18:00,403
"238",550465.1109,7630965.928,2005-07-11 08:18:00,507
"239",552153.2659,7635074.591,2005-07-11 12:18:00,560
"240",552239.2884,7641378.019,2005-07-11 20:18:00,638
"241",552197.2317,7642491.925,2005-07-12 00:18:00,638
"242",548805.1403,7645342.27,2005-07-12 08:18:00,688
"243",550057.403,7646026.594,2005-07-12 12:18:00,689
"244",552911.988,7644659.935,2005-07-12 16:18:00,690
"245",552931.9327,7644685.551,2005-07-12 20:18:00,690
"246",554060.5471,7643169.078,2005-07-13 00:18:00,665
"247",550396.8058,7640940.835,2005-07-13 08:18:00,637
"248",547273.383,7639923.613,2005-07-13 12:18:00,609
"249",545610.7375,7639193.604,2005-07-13 16:18:00,608
"250",545616.519,7639184.169,2005-07-13 20:18:00,608
"251",545647.2336,7639038.173,2005-07-14 00:18:00,609
"252",547730.8415,7638091.001,2005-07-14 08:18:00,584
"253",550210.033,7636442.887,2005-07-14 12:18:00,559
"254",552212.9598,7637888.292,2005-07-14 16:18:00,586
"255",552530.1547,7639106.234,2005-07-14 20:18:00,612
"256",553248.4894,7640136.158,2005-07-15 00:18:00,612
"257",555042.2503,7642995.096,2005-07-15 08:18:00,665
"258",550621.7859,7644873.798,2005-07-15 12:18:00,689
"259",549293.5482,7642264.709,2005-07-15 16:18:00,636
"260",546939.3051,7640383.348,2005-07-15 20:18:00,609
"261",546982.6576,7640376.039,2005-07-16 00:18:00,609
"262",545720.9795,7638965.855,2005-07-16 04:18:00,609
"263",546752.9022,7638802.689,2005-07-16 08:18:00,609
"264",546624.913,7639141.398,2005-07-16 12:18:00,609
"265",546727.129,7639449.985,2005-07-16 16:18:00,609
"266",546024.7873,7640419.085,2005-07-16 20:18:00,609
"267",546025.8773,7640393.111,2005-07-17 00:18:00,609
"268",545654.6903,7639033.039,2005-07-17 08:18:00,609
"269",545542.8273,7638122.906,2005-07-17 12:18:00,582
"270",547871.3234,7635376.057,2005-07-17 16:18:00,558
"271",550821.3526,7635368.732,2005-07-17 20:18:00,559
"272",550732.5422,7634925.719,2005-07-18 00:18:00,559
"273",550959.9106,7640308.626,2005-07-18 08:18:00,611
"274",546980.7141,7640025.987,2005-07-18 12:18:00,609
"275",546473.426,7639540.305,2005-07-18 16:18:00,609
"276",546517.1233,7639526.854,2005-07-18 20:18:00,609
"277",546526.2485,7639578.131,2005-07-19 00:18:00,609
"278",544349.4953,7639073.474,2005-07-19 08:18:00,608
"279",546273.7415,7639212.684,2005-07-19 12:18:00,609
"280",545173.1876,7639155.219,2005-07-19 16:18:00,608
"281",545214.1793,7639106.83,2005-07-19 20:18:00,608
"282",545137.0793,7639229.909,2005-07-20 00:18:00,608
"283",545102.5706,7638916.315,2005-07-20 08:18:00,608
"284",543472.0807,7638075.916,2005-07-20 12:18:00,581
"285",542901.6359,7637639.88,2005-07-20 16:18:00,581
"286",542921.9953,7637619.203,2005-07-20 20:18:00,581
"287",542719.2802,7637286.529,2005-07-21 00:18:00,581
"288",543298.2782,7635672.197,2005-07-21 08:18:00,555
"289",546589.5323,7639392.655,2005-07-21 12:18:00,609
"290",546602.0181,7639382.174,2005-07-21 16:18:00,609
"291",546500.7295,7639619.885,2005-07-22 00:18:00,609
"292",545000.26,7639002.035,2005-07-22 12:18:00,608
"293",544769.7773,7638979.59,2005-07-22 16:18:00,608
"294",544761.4628,7638953.85,2005-07-22 20:18:00,608
"295",544400.5891,7639162.79,2005-07-23 00:18:00,608
"296",543844.3188,7637898.513,2005-07-23 08:18:00,582
"297",543204.4118,7637667.776,2005-07-23 12:18:00,581
"298",542912.335,7637650.655,2005-07-23 16:18:00,581
"299",542935.4279,7637691.223,2005-07-23 20:18:00,581
"300",543022.8476,7637302.618,2005-07-24 00:18:00,581
"301",542166.5455,7635415.073,2005-07-24 04:18:00,555
"302",541974.9894,7634236.917,2005-07-24 08:18:00,529
"303",541855.5303,7634293.291,2005-07-24 12:18:00,529
"304",541775.7831,7635546.718,2005-07-24 16:18:00,555
"305",541739.2756,7635526.433,2005-07-24 20:18:00,555
"306",541487.5899,7635560.324,2005-07-25 00:18:00,554
"307",542475.9325,7640704.051,2005-07-25 08:18:00,633
"308",541691.978,7642871.484,2005-07-25 12:18:00,659
"309",541306.4702,7641165.695,2005-07-25 16:18:00,632
"310",540987.0674,7641606.041,2005-07-25 20:18:00,632
"311",540684.6502,7641128.603,2005-07-26 00:18:00,632
"312",542903.0417,7641208.29,2005-07-26 08:18:00,633
"313",545036.8116,7641705.618,2005-07-26 12:18:00,634
"314",543667.364,7641211.616,2005-07-26 16:18:00,634
"315",543716.4188,7641190.196,2005-07-26 20:18:00,634
"316",543572.6859,7641182.938,2005-07-27 00:18:00,633
"317",543958.8439,7637926.331,2005-07-27 08:18:00,582
"318",541340.5768,7638267.191,2005-07-27 12:18:00,580
"319",539977.782,7637626.759,2005-07-27 16:18:00,580
"320",540254.0449,7633313.896,2005-07-27 20:18:00,528
"321",540277.5092,7633316.103,2005-07-28 00:18:00,528
"322",541443.1535,7634292.476,2005-07-28 08:18:00,528
"323",541044.0178,7636360.282,2005-07-28 16:18:00,554
"324",541760.4768,7635573.873,2005-07-28 20:18:00,555
"325",541793.8071,7635608.276,2005-07-29 00:18:00,555
"326",541543.654,7632191.456,2005-07-29 12:18:00,502
"327",545855.8401,7633639.48,2005-07-29 16:18:00,531
"328",550499.0592,7635405.121,2005-07-29 20:18:00,559
"329",552180.1606,7634423.161,2005-07-30 00:18:00,534
"330",552716.6575,7627103.274,2005-07-30 08:18:00,456
"331",552731.809,7627103.299,2005-07-30 12:18:00,456
"332",554631.8309,7621313.327,2005-07-30 16:18:00,379
"333",554730.1912,7619975.993,2005-07-30 20:18:00,353
"334",554713.5707,7620006.595,2005-07-31 00:18:00,353
"335",552578.2102,7619995.198,2005-07-31 12:18:00,352
"336",548207.9698,7619073.624,2005-07-31 16:18:00,350
"337",544617.8245,7619067.067,2005-07-31 20:18:00,348
"338",541872.339,7619445.57,2005-08-01 00:18:00,347
"339",541314.9348,7618897.482,2005-08-01 08:18:00,346
"340",541342.3286,7618945.406,2005-08-01 12:18:00,346
"341",536281.209,7618067.937,2005-08-01 16:18:00,318
"342",535442.9555,7617988.917,2005-08-01 20:18:00,317
"343",535436.714,7618130.58,2005-08-02 00:18:00,317
"344",535446.612,7618042.364,2005-08-02 08:18:00,317
"345",535435.3996,7618054.435,2005-08-02 12:18:00,317
"346",535481.4296,7617745.057,2005-08-02 16:18:00,317
"347",535555.5119,7618185.217,2005-08-02 20:18:00,317
"348",537960.9025,7618317.395,2005-08-03 00:18:00,319
"349",538636.6455,7614362.584,2005-08-03 08:18:00,267
"350",538585.6115,7614525.863,2005-08-03 12:18:00,293
"351",538940.3489,7613394.176,2005-08-03 16:18:00,267
"352",539497.469,7612975.562,2005-08-03 20:18:00,267
"353",539925.5843,7610695.711,2005-08-04 00:18:00,242
"354",537596.0982,7614049.854,2005-08-04 08:18:00,266
"355",535816.8813,7616748.558,2005-08-04 12:18:00,318
"356",535576.9411,7617440.061,2005-08-04 16:18:00,317
"357",535430.9898,7617712.282,2005-08-05 00:18:00,317
"358",535381.7092,7618443.212,2005-08-05 04:18:00,317
"359",535273.2311,7618926.159,2005-08-05 08:18:00,343
"360",535228.9896,7619058.871,2005-08-05 12:18:00,343
"361",535499.1799,7618595.202,2005-08-05 16:18:00,343
"362",535435.7797,7618387.802,2005-08-05 20:18:00,317
"363",535476.921,7618257.906,2005-08-06 00:18:00,317
"364",535484.0205,7617909.198,2005-08-06 04:18:00,317
"365",535488.731,7617832.214,2005-08-06 08:18:00,317
"366",535484.4471,7617835.319,2005-08-06 12:18:00,317
"367",535674.4521,7617084.942,2005-08-06 16:18:00,318
"368",535693.8135,7617215.57,2005-08-06 20:18:00,318
"369",535574.349,7617428.645,2005-08-07 00:18:00,317
"370",538272.1681,7613131.274,2005-08-07 08:18:00,267
"371",539892.7713,7610256.615,2005-08-07 12:18:00,216
"372",536893.5865,7613679.499,2005-08-07 20:18:00,266
"373",536922.1657,7613753.084,2005-08-08 00:18:00,266
"374",536368.4994,7614421.699,2005-08-08 08:18:00,266
"375",536388.0224,7614442.788,2005-08-08 12:18:00,266
"376",535757.9247,7614300.021,2005-08-08 16:18:00,266
"377",535104.1484,7614634.733,2005-08-09 00:18:00,291
"378",535119.2162,7614708.368,2005-08-09 08:18:00,291
"379",535112.5086,7614699.704,2005-08-09 12:18:00,291
"380",535936.565,7615038.968,2005-08-09 16:18:00,292
"381",537890.1337,7612036.782,2005-08-09 20:18:00,241
"382",538071.0892,7611933.66,2005-08-10 00:18:00,241
"383",539702.2252,7609651.069,2005-08-10 08:18:00,216
"384",539681.7486,7609657.431,2005-08-10 12:18:00,216
"385",540085.8651,7608983.677,2005-08-10 16:18:00,216
"386",539833.9812,7608896.196,2005-08-10 20:18:00,216
"387",540402.9303,7608416.307,2005-08-11 00:18:00,190
"388",540294.2594,7608119.762,2005-08-11 08:18:00,190
"389",540306.6762,7608122.654,2005-08-11 12:18:00,190
"390",539090.2059,7608992.933,2005-08-11 16:18:00,215
"391",538831.6722,7608858.916,2005-08-11 20:18:00,215
"392",539099.6588,7609261.216,2005-08-12 00:18:00,215
"393",539345.4794,7610308.143,2005-08-12 08:18:00,215
"394",539314.5918,7610312.841,2005-08-12 12:18:00,215
"395",538554.8343,7611157.871,2005-08-12 16:18:00,241
"396",536637.4645,7613090.043,2005-08-12 20:18:00,266
"397",535643.0869,7613193.264,2005-08-13 00:18:00,266
"398",535109.8443,7614698.539,2005-08-13 04:18:00,291
"399",535247.2501,7614660.979,2005-08-13 08:18:00,291
"400",535234.7326,7614673.041,2005-08-13 12:18:00,291
"401",535406.0898,7614754.987,2005-08-13 16:18:00,291
"402",535063.4228,7614780.044,2005-08-13 20:18:00,291
"403",535137.8319,7614767.962,2005-08-14 00:18:00,291
"404",534985.5397,7614456.659,2005-08-14 08:18:00,265
"405",534973.8377,7614452.716,2005-08-14 12:18:00,265
"406",535185.9388,7614810.71,2005-08-14 16:18:00,291
"407",535144.5943,7614648.484,2005-08-14 20:18:00,291
"408",535289.604,7614673.652,2005-08-15 00:18:00,291
"409",536535.5475,7614099.871,2005-08-15 08:18:00,266
"410",536548.0404,7614122.47,2005-08-15 12:18:00,266
"411",536703.587,7613282.343,2005-08-15 16:18:00,266
"412",537832.5897,7611492.974,2005-08-15 20:18:00,241
"413",537972.3907,7611950.817,2005-08-16 00:18:00,241
"414",537358.801,7613172.798,2005-08-16 08:18:00,266
"415",537366.6919,7613189.933,2005-08-16 12:18:00,266
"416",536825.1232,7613865.818,2005-08-16 16:18:00,266
"417",536207.5165,7614461.523,2005-08-16 20:18:00,266
"418",535951.9365,7614463.753,2005-08-17 00:18:00,266
"419",535233.1818,7614692.596,2005-08-17 04:18:00,291
"420",535249.3189,7614797.713,2005-08-17 08:18:00,291
"421",535258.5606,7614801.267,2005-08-17 12:18:00,291
"422",535622.6026,7615196.596,2005-08-17 16:18:00,291
"423",535386.075,7615021.174,2005-08-17 20:18:00,291
"424",535324.1188,7614842.237,2005-08-18 00:18:00,291
"425",535696.7928,7615188.799,2005-08-18 04:18:00,292
"426",535740.8151,7615174.118,2005-08-18 08:18:00,292
"427",535758.2958,7615148.698,2005-08-18 12:18:00,292
"428",535681.1016,7615148.742,2005-08-18 16:18:00,292
"429",535154.5107,7614923.265,2005-08-18 20:18:00,291
"430",534927.5231,7614302.02,2005-08-19 00:18:00,265
"431",537535.5542,7612737.24,2005-08-19 08:18:00,266
"432",537533.5016,7612743.487,2005-08-19 12:18:00,266
"433",537005.59,7613561.349,2005-08-19 16:18:00,266
"434",536351.0644,7614486.743,2005-08-19 20:18:00,266
"435",536279.7248,7614554.248,2005-08-20 00:18:00,292
"436",537101.9426,7613539.874,2005-08-21 08:18:00,266
"437",537121.5348,7613523.392,2005-08-21 12:18:00,266
"438",536982.5272,7613753.524,2005-08-21 16:18:00,266
"439",536990.7796,7613033.296,2005-08-21 20:18:00,266
"440",535414.3599,7613257.989,2005-08-22 00:18:00,265
"441",535742.8679,7615158.766,2005-08-22 08:18:00,292
"442",535753.9619,7615174.294,2005-08-22 12:18:00,292
"443",535616.1525,7616189.491,2005-08-22 16:18:00,291
"444",535234.1871,7616396.327,2005-08-22 20:18:00,291
"445",534242.259,7618480.212,2005-08-23 00:18:00,317
"446",533260.6209,7618714.912,2005-08-23 04:18:00,342
"447",533305.672,7618810.238,2005-08-23 08:18:00,342
"448",533323.3498,7618819.439,2005-08-23 12:18:00,342
"449",533312.049,7618503.767,2005-08-23 16:18:00,316
"450",533151.4042,7618506.679,2005-08-23 20:18:00,342
"451",533626.5398,7618388.184,2005-08-24 00:18:00,317
"452",533538.6545,7617899.586,2005-08-24 04:18:00,316
"453",533558.5272,7618368.136,2005-08-24 08:18:00,316
"454",533545.0089,7618365.302,2005-08-24 12:18:00,316
"455",533328.1174,7618574.744,2005-08-24 16:18:00,342
"456",533464.1559,7618477.496,2005-08-24 20:18:00,316
"457",533145.367,7618189.053,2005-08-25 00:18:00,316
"458",532811.9685,7618318.947,2005-08-25 04:18:00,316
"459",532681.3816,7618270.565,2005-08-25 08:18:00,316
"460",532665.7117,7618269.915,2005-08-25 12:18:00,316
"461",532935.6786,7618282.582,2005-08-25 16:18:00,316
"462",532931.6,7618014.916,2005-08-25 20:18:00,316
"463",533172.2842,7617779.372,2005-08-26 00:18:00,316
"464",533134.311,7618520.448,2005-08-26 08:18:00,342
"465",533095.9095,7618504.981,2005-08-26 12:18:00,316
"466",533331.7633,7618668.339,2005-08-26 16:18:00,342
"467",533663.6213,7617471.277,2005-08-26 20:18:00,317
"468",533801.346,7616172.94,2005-08-27 00:18:00,291
"469",533953.709,7616061.537,2005-08-27 08:18:00,291
"470",533938.0886,7616103.884,2005-08-27 12:18:00,291
"471",533966.7574,7615816.846,2005-08-27 16:18:00,291
"472",534738.3769,7615767.521,2005-08-27 20:18:00,291
"473",535043.2281,7616349.963,2005-08-28 00:18:00,291
"474",553009.1939,7619288.243,2006-05-02 16:18:00,352
"475",553032.8631,7619277.794,2006-05-02 20:18:00,352
"476",553013.8175,7619315.606,2006-05-03 00:18:00,352
"477",553271.7108,7619560.597,2006-05-04 00:18:00,352
"478",553206.397,7619058.034,2006-05-04 04:18:00,352
"479",553166.8848,7619051.104,2006-05-04 12:18:00,352
"480",553209.2762,7619017.315,2006-05-04 16:18:00,352
"481",553360.361,7619021.117,2006-05-04 20:18:00,352
"482",553215.9996,7619056.33,2006-05-05 00:18:00,352
"483",553207.9688,7619025.877,2006-05-05 04:18:00,352
"484",553206.0229,7619032.422,2006-05-05 08:18:00,352
"485",553237.6336,7619050.391,2006-05-05 12:18:00,352
"486",553528.3827,7619102.398,2006-05-05 16:18:00,352
"487",553431.8351,7619163.71,2006-05-05 20:18:00,352
"488",553656.4932,7619189.907,2006-05-06 00:18:00,353
"489",553708.3309,7619165.55,2006-05-06 04:18:00,353
"490",553693.217,7619148.613,2006-05-06 08:18:00,353
"491",553683.357,7619144.8,2006-05-06 12:18:00,353
"492",553681.5817,7619140.997,2006-05-06 16:18:00,353
"493",553926.7687,7619137,2006-05-06 20:18:00,353
"494",553743.5984,7620074.277,2006-05-07 00:18:00,353
"495",553729.7189,7620112.214,2006-05-07 04:18:00,353
"496",553703.2351,7620120.283,2006-05-07 08:18:00,353
"497",553741.9233,7620106.439,2006-05-07 12:18:00,353
"498",553933.6438,7619931.764,2006-05-07 16:18:00,353
"499",553959.9775,7619857.686,2006-05-07 20:18:00,353
"500",554220.7963,7619734.966,2006-05-08 00:18:00,353
"501",554236.3593,7619716.34,2006-05-08 04:18:00,353
"502",554269.0323,7619742.947,2006-05-08 08:18:00,353
"503",554245.677,7619730.994,2006-05-08 12:18:00,353
"504",554099.4896,7619747.838,2006-05-08 16:18:00,353
"505",554172.9611,7619835.452,2006-05-08 20:18:00,353
"506",553674.926,7619188.108,2006-05-09 00:18:00,353
"507",553109.8893,7619998.697,2006-05-09 08:18:00,352
"508",553101.4606,7619995.253,2006-05-09 12:18:00,352
"509",553102.7382,7620013.154,2006-05-09 16:18:00,352
"510",551658.1994,7623056.171,2006-05-09 20:18:00,404
"511",552268.1727,7627686.744,2006-05-10 00:18:00,456
"512",552535.9426,7629567.417,2006-05-10 04:18:00,482
"513",552360.8299,7629090.291,2006-05-10 08:18:00,482
"514",552428.201,7629502.936,2006-05-10 12:18:00,482
"515",552414.0661,7629455.116,2006-05-10 16:18:00,482
"516",552428.1744,7629442.724,2006-05-10 20:18:00,482
"517",553197.8422,7631647.524,2006-05-11 00:18:00,508
"518",554236.3987,7633436.235,2006-05-11 04:18:00,535
"519",554226.4862,7633409.351,2006-05-11 08:18:00,535
"520",554231.3923,7633435.905,2006-05-11 12:18:00,535
"521",554960.2566,7633769.503,2006-05-11 16:18:00,535
"522",554984.7135,7633747.898,2006-05-11 20:18:00,535
"523",554984.3911,7633766.637,2006-05-12 00:18:00,535
"524",558093.1991,7626934.248,2006-05-12 08:18:00,459
"525",558078.1268,7626930.284,2006-05-12 12:18:00,459
"526",556411.561,7627526.697,2006-05-12 16:18:00,458
"527",554527.0071,7628377.172,2006-05-12 20:18:00,457
"528",554416.0807,7627636.392,2006-05-13 00:18:00,457
"529",552394.3089,7629085.951,2006-05-14 08:18:00,482
"530",552367.9301,7629130.805,2006-05-14 12:18:00,482
"531",552384.7313,7629466.451,2006-05-14 16:18:00,482
"532",553380.3496,7629463.384,2006-05-14 20:18:00,482
"533",554098.3281,7629628.436,2006-05-15 00:18:00,483
"534",555818.8022,7631772.982,2006-05-15 08:18:00,510
"535",555816.3988,7631802.158,2006-05-15 12:18:00,510
"536",555958.7227,7631579.492,2006-05-15 16:18:00,510
"537",555011.7865,7635128.061,2006-05-15 20:18:00,561
"538",555016.9407,7635007.859,2006-05-16 00:18:00,561
"539",554734.6879,7635279.331,2006-05-16 08:18:00,561
"540",554720.3059,7635288.428,2006-05-16 12:18:00,561
"541",555005.4575,7635329.432,2006-05-16 16:18:00,561
"542",552576.7728,7630370.848,2006-05-16 20:18:00,482
"543",552339.1837,7629482.741,2006-05-17 00:18:00,482
"544",552441.8476,7629467.849,2006-05-17 04:18:00,482
"545",552440.9719,7629487.704,2006-05-17 08:18:00,482
"546",552336.5384,7629122.859,2006-05-17 12:18:00,482
"547",552448.0223,7629470.412,2006-05-17 16:18:00,482
"548",552439.6404,7629472.726,2006-05-17 20:18:00,482
"549",552804.2211,7627653.285,2006-05-18 00:18:00,456
"550",554563.4177,7624494.213,2006-05-18 08:18:00,405
"551",554587.0588,7624499.136,2006-05-18 12:18:00,405
"552",555790.9642,7624305.5,2006-05-18 16:18:00,406
"553",555795.8336,7624298.873,2006-05-18 20:18:00,406
"554",556070.6789,7624322.681,2006-05-19 00:18:00,406
"555",556063.5791,7624273.874,2006-05-19 04:18:00,406
"556",556036.9658,7624263.516,2006-05-19 08:18:00,406
"557",556026.9319,7624320.24,2006-05-19 12:18:00,406
"558",556042.4944,7624297.845,2006-05-19 16:18:00,406
"559",556059.5505,7624333.613,2006-05-19 20:18:00,406
"560",556020.0388,7624290.372,2006-05-20 00:18:00,406
"561",556046.464,7624312.385,2006-05-20 04:18:00,406
"562",556205.5425,7624195.875,2006-05-20 08:18:00,406
"563",556142.0529,7624235.683,2006-05-20 12:18:00,406
"564",555227.8829,7624188.782,2006-05-20 16:18:00,405
"565",555250.3406,7624148.234,2006-05-20 20:18:00,405
"566",555248.3046,7624167.55,2006-05-21 00:18:00,405
"567",556210.6364,7624217.126,2006-05-22 04:18:00,406
"568",556187.3201,7624207.593,2006-05-22 12:18:00,406
"569",556178.4689,7624206.257,2006-05-22 16:18:00,406
"570",556143.4622,7624250.394,2006-05-23 00:18:00,406
"571",558639.5976,7625234.467,2006-05-24 08:18:00,433
"572",559352.9236,7626342.138,2006-05-24 12:18:00,433
"573",559453.9692,7626505.661,2006-05-24 16:18:00,433
"574",560657.1774,7628681.121,2006-05-24 20:18:00,486
"575",560669.745,7628662.21,2006-05-25 00:18:00,486
"576",561911.279,7628117.533,2006-05-25 08:18:00,461
"577",560789.8755,7624526.214,2006-05-25 12:18:00,434
"578",559755.0329,7622230.213,2006-05-25 16:18:00,382
"579",559758.8974,7622274.74,2006-05-25 20:18:00,382
"580",559813.1802,7622026.697,2006-05-26 00:18:00,382
"581",561872.2349,7613925.62,2006-05-26 08:18:00,279
"582",562248.8627,7613774.284,2006-05-26 12:18:00,279
"583",561453.2724,7607468.759,2006-05-26 16:18:00,200
"584",561360.8028,7607549.286,2006-05-26 20:18:00,200
"585",561041.9525,7607184.756,2006-05-27 00:18:00,200
"586",565050.6994,7604523.655,2006-05-27 08:18:00,176
"587",565098.3766,7604516.223,2006-05-27 12:18:00,176
"588",569242.0448,7606248.507,2006-05-27 16:18:00,178
"589",569555.8945,7608177.277,2006-05-27 20:18:00,204
"590",569758.3057,7607982.999,2006-05-28 00:18:00,205
"591",572410.0561,7608909.348,2006-05-28 04:18:00,232
"592",572413.084,7608943.889,2006-05-28 08:18:00,232
"593",572421.5775,7608957.04,2006-05-28 12:18:00,232
"594",572426.7842,7608939.94,2006-05-28 16:18:00,232
"595",572415.667,7608939.183,2006-05-28 20:18:00,232
"596",572915.2275,7608581.315,2006-05-29 00:18:00,232
"597",568215.0882,7615517.275,2006-05-29 08:18:00,308
"598",568250.8541,7615529.681,2006-05-29 12:18:00,308
"599",568086.9121,7615611.514,2006-05-29 16:18:00,308
"600",567443.7191,7616104.295,2006-05-29 20:18:00,307
"601",567121.2131,7618862.876,2006-05-30 00:18:00,359
"602",568574.2306,7625886.71,2006-05-30 16:18:00,438
"603",567810.1323,7625733.122,2006-05-30 20:18:00,438
"604",560240.4967,7624654.734,2006-05-31 00:18:00,434
"605",557418.1995,7621115.075,2006-05-31 08:18:00,380
"606",556610.1148,7623365.288,2006-05-31 12:18:00,406
"607",554795.2776,7627683.124,2006-05-31 16:18:00,457
"608",553657.6945,7630280.119,2006-05-31 20:18:00,483
"609",555223.0826,7630001.792,2006-06-01 00:18:00,483
"610",558935.18,7635836.223,2006-06-01 08:18:00,563
"611",562941.5149,7634065.882,2006-06-01 12:18:00,539
"612",561147.3668,7630767.229,2006-06-01 16:18:00,512
"613",561246.6235,7630544.815,2006-06-01 20:18:00,512
"614",561325.8285,7630538.732,2006-06-02 00:18:00,512
"615",562367.5736,7628954.452,2006-06-02 08:18:00,487
"616",562221.4097,7628135.21,2006-06-02 12:18:00,461
"617",561568.5119,7628433.918,2006-06-02 16:18:00,460
"618",560989.9106,7631165.111,2006-06-02 20:18:00,512
"619",560832.7837,7631374.153,2006-06-03 00:18:00,512
"620",564038.4774,7635391.475,2006-06-03 04:18:00,566
"621",564123.7103,7636313.507,2006-06-03 08:18:00,566
"622",564336.4735,7636337.729,2006-06-03 12:18:00,566
"623",565238.9825,7635367.977,2006-06-03 16:18:00,566
"624",566285.1729,7635605.242,2006-06-03 20:18:00,567
"625",565769.9145,7633556.602,2006-06-04 04:18:00,541
"626",565863.9577,7633336.354,2006-06-04 08:18:00,541
"627",566685.8222,7631683.454,2006-06-04 12:18:00,515
"628",567386.0292,7632838.797,2006-06-04 16:18:00,541
"629",569733.306,7634191.142,2006-06-04 20:18:00,543
"630",569649.0099,7636142.41,2006-06-05 00:18:00,569
"631",565406.4213,7639715.681,2006-06-05 08:18:00,618
"632",565307.8362,7639804.084,2006-06-05 12:18:00,618
"633",565168.8423,7640561.065,2006-06-05 16:18:00,644
"634",564959.8602,7640823.937,2006-06-05 20:18:00,644
"635",564608.6146,7640700.752,2006-06-06 00:18:00,644
"636",558507.985,7644185.608,2006-06-06 08:18:00,667
"637",558415.7212,7644395.772,2006-06-06 12:18:00,667
"638",558435.2304,7644401.975,2006-06-06 16:18:00,667
"639",558303.2904,7644538.686,2006-06-06 20:18:00,693
"640",558318.7436,7644750.719,2006-06-07 00:18:00,693
"641",559288.8512,7645596.354,2006-06-07 08:18:00,693
"642",559568.9031,7645765.58,2006-06-07 12:18:00,693
"643",557586.2838,7645549.648,2006-06-07 16:18:00,692
"644",556547.7882,7644242.208,2006-06-07 20:18:00,666
"645",552745.9428,7643496.554,2006-06-08 00:18:00,664
"646",552703.1886,7642545.407,2006-06-08 08:18:00,664
"647",553276.2956,7641589.668,2006-06-08 12:18:00,638
"648",553843.2609,7641685.47,2006-06-08 16:18:00,639
"649",552904.9296,7642472.493,2006-06-08 20:18:00,638
"650",552457.5481,7643313.138,2006-06-09 00:18:00,664
"651",555092.6179,7641502.347,2006-06-09 08:18:00,639
"652",557487.799,7640640.759,2006-06-09 12:18:00,640
"653",557415.6476,7640893.257,2006-06-09 16:18:00,640
"654",557797.6711,7640587.442,2006-06-09 20:18:00,641
"655",557777.351,7640582.059,2006-06-10 00:18:00,641
"656",559844.1967,7640241.873,2006-06-10 04:18:00,616
"657",559844.7432,7640196.016,2006-06-10 08:18:00,616
"658",561368.3299,7640688.375,2006-06-10 12:18:00,642
"659",560917.653,7639741.332,2006-06-10 16:18:00,616
"660",559202.2368,7638948.057,2006-06-10 20:18:00,615
"661",557658.4487,7636855.432,2006-06-11 00:18:00,589
"662",552547.8194,7640974.075,2006-06-11 08:18:00,638
"663",552562.7329,7642751.41,2006-06-11 12:18:00,664
"664",550629.482,7639930.936,2006-06-11 16:18:00,611
"665",548883.1661,7636626.494,2006-06-11 20:18:00,584
"666",548776.7439,7636429.17,2006-06-12 00:18:00,558
"667",548400.8872,7636353.156,2006-06-12 08:18:00,558
"668",548088.7851,7635391.781,2006-06-12 12:18:00,558
"669",548806.3,7634565.06,2006-06-12 16:18:00,558
"670",548839.6679,7634569.593,2006-06-12 20:18:00,558
"671",548419.342,7633150.962,2006-06-13 00:18:00,532
"672",550780.8636,7635445.094,2006-06-13 08:18:00,559
"673",550915.7468,7635025.034,2006-06-13 12:18:00,559
"674",554322.6599,7633437.454,2006-06-13 16:18:00,535
"675",554626.0696,7631764.432,2006-06-13 20:18:00,509
"676",555491.2798,7629665.942,2006-06-14 00:18:00,483
"677",555186.5989,7626689.33,2006-06-14 08:18:00,457
"678",555680.6475,7626573.465,2006-06-14 12:18:00,458
"679",557094.3991,7625186.733,2006-06-14 16:18:00,432
"680",558606.7019,7625126.139,2006-06-14 20:18:00,433
"681",559233.5465,7624945.208,2006-06-15 00:18:00,433
"682",560035.6795,7624950.353,2006-06-15 08:18:00,434
"683",561433.819,7625529.444,2006-06-15 12:18:00,434
"684",563489.2202,7623912.2,2006-06-15 16:18:00,409
"685",563527.2172,7623730.478,2006-06-15 20:18:00,409
"686",563566.6762,7623727.058,2006-06-16 00:18:00,409
"687",564439.7842,7624995.136,2006-06-16 04:18:00,436
"688",564444.309,7624978.845,2006-06-16 08:18:00,436
"689",564422.7841,7625022.475,2006-06-16 12:18:00,436
"690",564554.5259,7625092.55,2006-06-16 16:18:00,436
"691",564417.5399,7625006.606,2006-06-17 00:18:00,436
"692",562140.4146,7628179.771,2006-06-17 08:18:00,461
"693",562120.5447,7628185.67,2006-06-17 12:18:00,461
"694",562352.1879,7628655.678,2006-06-17 16:18:00,487
"695",559454.6706,7631755.348,2006-06-17 20:18:00,511
"696",554586.1526,7635996.406,2006-06-18 00:18:00,561
"697",552046.2598,7639121.081,2006-06-18 04:18:00,612
"698",552223.6348,7641294.97,2006-06-18 08:18:00,638
"699",552215.2518,7641235.696,2006-06-18 12:18:00,638
"700",552590.3017,7644452.969,2006-06-18 16:18:00,664
"701",553633.9768,7641675.437,2006-06-18 20:18:00,639
"702",553804.4698,7641467.222,2006-06-19 00:18:00,639
"703",553776.8065,7641499.968,2006-06-19 08:18:00,639
"704",553723.5683,7641516.212,2006-06-19 12:18:00,639
"705",552394.7812,7643095.204,2006-06-19 16:18:00,664
"706",548971.5279,7641948.577,2006-06-19 20:18:00,636
"707",547054.8726,7639855.634,2006-06-20 00:18:00,609
"708",546701.3358,7639598.109,2006-06-20 04:18:00,609
"709",545543.4072,7639063.729,2006-06-20 08:18:00,608
"710",545549.4853,7639059.406,2006-06-20 12:18:00,608
"711",544873.8024,7637253.264,2006-06-20 16:18:00,582
"712",544921.2717,7636139.49,2006-06-20 20:18:00,556
"713",544327.3694,7634957.472,2006-06-21 00:18:00,556
"714",544651.5447,7634885.238,2006-06-21 08:18:00,556
"715",544418.8225,7634712.764,2006-06-21 12:18:00,556
"716",544371.9776,7634726.537,2006-06-21 16:18:00,556
"717",545658.2092,7634070.727,2006-06-21 20:18:00,531
"718",549327.6908,7635007.647,2006-06-22 00:18:00,558
"719",552468.8705,7633639.403,2006-06-22 08:18:00,534
"720",552490.9008,7633637.914,2006-06-22 12:18:00,534
"721",552674.0112,7631258.855,2006-06-22 16:18:00,508
"722",552615.3764,7629565.675,2006-06-22 20:18:00,482
"723",552560.5563,7629541.692,2006-06-23 00:18:00,482
"724",552430.7178,7629433.995,2006-06-23 04:18:00,482
"725",552535.737,7629627.513,2006-06-23 08:18:00,482
"726",552556.5178,7629637.085,2006-06-23 12:18:00,482
"727",552536.3592,7629618.322,2006-06-23 16:18:00,482
"728",552648.3019,7629653.424,2006-06-23 20:18:00,482
"729",552779.8512,7629835.062,2006-06-24 00:18:00,482
"730",552933.1994,7629771.282,2006-06-24 08:18:00,482
"731",552899.8871,7629737.71,2006-06-24 12:18:00,482
"732",552463.6859,7633705.204,2006-06-24 16:18:00,534
"733",551497.7298,7636781.409,2006-06-24 20:18:00,585
"734",551839.0298,7638756.731,2006-06-25 00:18:00,612
"735",550753.8589,7642347.568,2006-06-25 08:18:00,637
"736",550663.0694,7641506.15,2006-06-25 12:18:00,637
"737",546947.8103,7640357.504,2006-06-25 16:18:00,609
"738",547082.2497,7640270.638,2006-06-25 20:18:00,609
"739",546773.1652,7640116.915,2006-06-26 00:18:00,609
"740",545084.9227,7639143.674,2006-06-26 08:18:00,608
"741",545084.1809,7639144.409,2006-06-26 12:18:00,608
"742",543994.215,7639159.804,2006-06-26 16:18:00,608
"743",543071.8584,7638732.449,2006-06-26 20:18:00,607
"744",543448.2983,7638595.958,2006-06-27 00:18:00,607
"745",543558.4326,7638575.368,2006-06-27 04:18:00,607
"746",542923.4736,7638084.639,2006-06-27 08:18:00,581
"747",543030.8932,7637623.268,2006-06-27 12:18:00,581
"748",543091.345,7637642.189,2006-06-27 16:18:00,581
"749",545830.8839,7637231.833,2006-06-27 20:18:00,583
"750",547472.8149,7637979.766,2006-06-28 00:18:00,583
"751",544226.2154,7634257.907,2006-06-29 08:18:00,530
"752",544012.4163,7635201.998,2006-06-29 16:18:00,556
"753",543361.1641,7635502.473,2006-06-29 20:18:00,555
"754",543068.6199,7635878.105,2006-06-30 00:18:00,555
"755",542021.0777,7639355.562,2006-06-30 08:18:00,607
"756",542541.9032,7639520.326,2006-06-30 16:18:00,607
"757",542523.8173,7639663.946,2006-06-30 20:18:00,607
"758",542554.5129,7639618.062,2006-07-01 00:18:00,607
"759",548024.4423,7643313.88,2006-07-01 08:18:00,662
"760",550610.1924,7644857.714,2006-07-01 12:18:00,689
"761",551798.6755,7643451.547,2006-07-01 16:18:00,664
"762",552121.7437,7643162.892,2006-07-01 20:18:00,664
"763",551455.7649,7638286.493,2006-07-02 00:18:00,585
"764",546379.9888,7638552.63,2006-07-02 08:18:00,609
"765",545549.1549,7639078.25,2006-07-02 12:18:00,608
"766",544877.7077,7639484.982,2006-07-02 16:18:00,608
"767",543801.8032,7638808.469,2006-07-02 20:18:00,608
"768",543962.649,7637834.553,2006-07-03 00:18:00,582
"769",546765.8386,7639208.906,2006-07-03 08:18:00,609
"770",546502.9289,7639406.309,2006-07-03 12:18:00,609
"771",546534.9603,7639504.381,2006-07-03 16:18:00,609
"772",546540.2014,7639619.537,2006-07-03 20:18:00,609
"773",546475.8218,7639912.732,2006-07-04 00:18:00,609
"774",547781.9487,7643755.376,2006-07-04 08:18:00,662
"775",546740.3188,7640917.234,2006-07-04 12:18:00,635
"776",546040.4523,7640363.634,2006-07-04 16:18:00,609
"777",545719.2556,7640511.889,2006-07-04 20:18:00,635
"778",544817.6881,7640515.018,2006-07-05 00:18:00,634
"779",543026.3501,7641232.951,2006-07-06 04:18:00,633
"780",543477.8648,7641280.154,2006-07-06 08:18:00,633
"781",543555.4729,7641382.022,2006-07-06 12:18:00,633
"782",543450.6256,7641207.731,2006-07-06 16:18:00,633
"783",543803.037,7641288.103,2006-07-07 00:18:00,634
"784",546429.1349,7639405.133,2006-07-08 08:18:00,609
"785",546435.214,7639255.398,2006-07-08 12:18:00,609
"786",546490.3044,7639555.253,2006-07-08 16:18:00,609
"787",546492.2537,7639633.56,2006-07-08 20:18:00,609
"788",546471.033,7639726.526,2006-07-09 00:18:00,609
